<?xml version='1.0' encoding='utf-8' standalone='yes' ?>
<map>
    <long name="first_open_time" value="1767637570091" />
    <string name="gmp_app_id">1:764637923718:android:4cbfc499e9e8d63cff0407</string>
    <string name="previous_os_version">16</string>
    <string name="app_instance_id">6fea8cfbfa6fa449d194c3121c367228</string>
    <boolean name="has_been_opened" value="true" />
    <long name="session_id" value="1767637570" />
    <long name="health_monitor:start" value="1767637570491" />
    <boolean name="allow_remote_dynamite" value="true" />
    <boolean name="use_service" value="true" />
    <long name="last_pause_time" value="1767637570748" />
    <boolean name="start_new_session" value="false" />
    <boolean name="deferred_analytics_collection" value="false" />
</map>
