<?xml version='1.0' encoding='utf-8' standalone='yes' ?>
<map>
    <long name="first_open_time" value="1767640402494" />
    <string name="gmp_app_id">1:764637923718:android:4cbfc499e9e8d63cff0407</string>
    <string name="previous_os_version">16</string>
    <string name="app_instance_id">e67d409f5a34069bc73c9f00c90d1bd5</string>
    <boolean name="has_been_opened" value="true" />
    <long name="session_id" value="1767640403" />
    <long name="health_monitor:start" value="1767640402696" />
    <boolean name="allow_remote_dynamite" value="true" />
    <boolean name="use_service" value="true" />
    <long name="last_pause_time" value="1767640403090" />
    <boolean name="start_new_session" value="false" />
    <boolean name="deferred_analytics_collection" value="false" />
</map>
