<?xml version='1.0' encoding='utf-8' standalone='yes' ?>
<map>
    <long name="first_open_time" value="1767644709658" />
    <string name="gmp_app_id">1:764637923718:android:4cbfc499e9e8d63cff0407</string>
    <string name="previous_os_version">16</string>
    <string name="app_instance_id">5ee18d67fd2aeae7239989e7ebaffb14</string>
    <boolean name="has_been_opened" value="true" />
    <long name="health_monitor:start" value="1767644709805" />
    <boolean name="allow_remote_dynamite" value="true" />
    <boolean name="use_service" value="true" />
    <boolean name="start_new_session" value="true" />
    <boolean name="deferred_analytics_collection" value="false" />
</map>
