{"resources":[{"url":["https://h5-static.helloyo.sg/live/helloyo/app-common/flexible.min.js"],"fitUrl":["https://h5-static.helloyo.sg/live/helloyo/app-common/flexible.min.js"],"path":"/h5-static.helloyo.sg/live/helloyo/app-common/flexible.min.js","header":{"date":"Wed, 19 Nov 2025 03:45:05 GMT","content-encoding":"br","last-modified":"Wed, 19 Mar 2025 09:16:34 GMT","server":"nginx","age":"372270","vary":"Accept-Encoding","content-type":"application/javascript; charset=utf-8","access-control-allow-origin":"*","cache-control":"max-age=31536000","x-b-ch":"12","content-length":"1167"},"md5":"721c1c11c765741d42ac2c4c1d3c0feb","encode":"utf-8","mime":"text/javascript"},{"url":["https://h5-static.helloyo.sg/live/helloyo/app-60662-Iup9pz/css/index.5a9e285f.css"],"fitUrl":["https://h5-static.helloyo.sg/live/helloyo/app-60662-Iup9pz/css/index.5a9e285f.css"],"path":"/h5-static.helloyo.sg/live/helloyo/app-60662-Iup9pz/css/index.5a9e285f.css","header":{"date":"Wed, 19 Nov 2025 03:45:05 GMT","content-encoding":"br","last-modified":"Fri, 10 Oct 2025 09:44:51 GMT","server":"nginx","age":"138210","vary":"Accept-Encoding","content-type":"text/css","access-control-allow-origin":"*","cache-control":"max-age=31536000","x-b-ch":"12","content-length":"739"},"md5":"779d8abb303339a7f2e39d51a3d85d10","encode":"utf-8","mime":"text/css"},{"url":["https://h5-static.helloyo.sg/live/helloyo/app-60662-Iup9pz/css/chunk-common.ee67d61a.css"],"fitUrl":["https://h5-static.helloyo.sg/live/helloyo/app-60662-Iup9pz/css/chunk-common.ee67d61a.css"],"path":"/h5-static.helloyo.sg/live/helloyo/app-60662-Iup9pz/css/chunk-common.ee67d61a.css","header":{"date":"Wed, 19 Nov 2025 03:45:05 GMT","content-encoding":"br","last-modified":"Wed, 09 Apr 2025 11:35:49 GMT","server":"nginx","age":"141369","vary":"Accept-Encoding","content-type":"text/css","access-control-allow-origin":"*","cache-control":"max-age=31536000","x-b-ch":"12","content-length":"1828"},"md5":"001f4011f380e60127f9c63d872428b7","encode":"utf-8","mime":"text/css"},{"url":["https://h5-static.helloyo.sg/live/helloyo/app-common/bigo-logger.js.html"],"fitUrl":["https://h5-static.helloyo.sg/live/helloyo/app-common/bigo-logger.js.html"],"path":"/h5-static.helloyo.sg/live/helloyo/app-common/bigo-logger.js.html","header":{"date":"Wed, 19 Nov 2025 03:45:05 GMT","content-encoding":"br","last-modified":"Wed, 29 Oct 2025 02:56:26 GMT","server":"nginx","age":"47","etag":"4hd/11vDwMM4d0V9D.html","vary":"Accept-Encoding","content-type":"text/html; charset=utf-8","access-control-allow-origin":"*","cache-control":"max-age=60","x-b-ch":"12","content-length":"36395"},"md5":"e4633ea7230dc24fb3fdb438f719d82a","encode":"utf-8","mime":"text/html"},{"url":["https://h5-static.helloyo.sg/live/helloyo/app-common/mark/1.0.0/hello.fun.min.js"],"fitUrl":["https://h5-static.helloyo.sg/live/helloyo/app-common/mark/1.0.0/hello.fun.min.js"],"path":"/h5-static.helloyo.sg/live/helloyo/app-common/mark/1.0.0/hello.fun.min.js","header":{"date":"Wed, 19 Nov 2025 03:45:05 GMT","last-modified":"Wed, 19 Mar 2025 09:16:35 GMT","server":"nginx","age":"316676","etag":"4he/21tupXPHTwmJ.js","vary":"Accept-Encoding","content-type":"application/javascript; charset=utf-8","access-control-allow-origin":"*","cache-control":"max-age=31536000","x-b-ch":"12","accept-ranges":"bytes","content-length":"500"},"md5":"aabe7cf0a014268183638868405879ba","encode":"utf-8","mime":"text/javascript"},{"url":["https://h5-static.helloyo.sg/live/helloyo/app-common/assets-load-monitor/2.5.6/assets-load-monitor-init.min.js"],"fitUrl":["https://h5-static.helloyo.sg/live/helloyo/app-common/assets-load-monitor/2.5.6/assets-load-monitor-init.min.js"],"path":"/h5-static.helloyo.sg/live/helloyo/app-common/assets-load-monitor/2.5.6/assets-load-monitor-init.min.js","header":{"date":"Wed, 19 Nov 2025 03:45:05 GMT","content-encoding":"br","last-modified":"Wed, 19 Mar 2025 09:16:34 GMT","server":"nginx","age":"256466","vary":"Accept-Encoding","content-type":"application/javascript; charset=utf-8","access-control-allow-origin":"*","cache-control":"max-age=31536000","x-b-ch":"12","content-length":"27398"},"md5":"09736d0ac247de6cd8a6a691b6b781a0","encode":"utf-8","mime":"text/javascript"},{"url":["https://h5-static.helloyo.sg/live/helloyo/app-common/nativeapi/2.1.16/nativeApi.helloyo.min.js"],"fitUrl":["https://h5-static.helloyo.sg/live/helloyo/app-common/nativeapi/2.1.16/nativeApi.helloyo.min.js"],"path":"/h5-static.helloyo.sg/live/helloyo/app-common/nativeapi/2.1.16/nativeApi.helloyo.min.js","header":{"date":"Wed, 19 Nov 2025 03:45:05 GMT","content-encoding":"br","last-modified":"Mon, 30 Jun 2025 08:49:27 GMT","server":"nginx","age":"220204","vary":"Accept-Encoding","content-type":"application/javascript; charset=utf-8","access-control-allow-origin":"*","cache-control":"max-age=31536000","x-b-ch":"12","content-length":"28828"},"md5":"129955c7c3dd8240ad19d5e9bdde4e23","encode":"utf-8","mime":"text/javascript"},{"url":["https://h5-static.helloyo.sg/live/helloyo/app-60662-Iup9pz/js/index.cd7bd3e5.js"],"fitUrl":["https://h5-static.helloyo.sg/live/helloyo/app-60662-Iup9pz/js/index.cd7bd3e5.js"],"path":"/h5-static.helloyo.sg/live/helloyo/app-60662-Iup9pz/js/index.cd7bd3e5.js","header":{"date":"Wed, 19 Nov 2025 03:45:05 GMT","content-encoding":"br","last-modified":"Wed, 19 Nov 2025 03:44:44 GMT","server":"nginx","age":"0","vary":"Accept-Encoding","content-type":"application/javascript; charset=utf-8","access-control-allow-origin":"*","cache-control":"max-age=31536000","x-b-ch":"21","content-length":"12971"},"md5":"bdb1ebbf1e9b0d80b269fd41bcfa1c48","encode":"utf-8","mime":"text/javascript"},{"url":["https://h5-static.helloyo.sg/live/helloyo/app-60662-Iup9pz/js/chunk-common.21cb0612.js"],"fitUrl":["https://h5-static.helloyo.sg/live/helloyo/app-60662-Iup9pz/js/chunk-common.21cb0612.js"],"path":"/h5-static.helloyo.sg/live/helloyo/app-60662-Iup9pz/js/chunk-common.21cb0612.js","header":{"date":"Wed, 19 Nov 2025 03:45:05 GMT","content-encoding":"br","last-modified":"Wed, 19 Nov 2025 03:44:44 GMT","server":"nginx","age":"0","vary":"Accept-Encoding","content-type":"application/javascript; charset=utf-8","access-control-allow-origin":"*","cache-control":"max-age=31536000","x-b-ch":"21","content-length":"11706"},"md5":"6e701f8485051bc4f0f9a125cc024016","encode":"utf-8","mime":"text/javascript"},{"url":["https://h5-static.helloyo.sg/live/helloyo/app-60662-Iup9pz/css/chunk-vendors.cb4b3404.css"],"fitUrl":["https://h5-static.helloyo.sg/live/helloyo/app-60662-Iup9pz/css/chunk-vendors.cb4b3404.css"],"path":"/h5-static.helloyo.sg/live/helloyo/app-60662-Iup9pz/css/chunk-vendors.cb4b3404.css","header":{"date":"Wed, 19 Nov 2025 03:45:05 GMT","content-encoding":"br","last-modified":"Fri, 10 Oct 2025 09:44:51 GMT","server":"nginx","age":"208104","vary":"Accept-Encoding","content-type":"text/css","access-control-allow-origin":"*","cache-control":"max-age=31536000","x-b-ch":"12","content-length":"52371"},"md5":"5a319d15a16544267b93b7d277dbb201","encode":"utf-8","mime":"text/css"},{"url":["https://h5-static.helloyo.sg/live/helloyo/app-common/common_vendor.min.js"],"fitUrl":["https://h5-static.helloyo.sg/live/helloyo/app-common/common_vendor.min.js"],"path":"/h5-static.helloyo.sg/live/helloyo/app-common/common_vendor.min.js","header":{"date":"Wed, 19 Nov 2025 03:45:05 GMT","content-encoding":"br","last-modified":"Wed, 19 Mar 2025 09:16:32 GMT","server":"nginx","age":"322758","vary":"Accept-Encoding","content-type":"application/javascript; charset=utf-8","access-control-allow-origin":"*","cache-control":"max-age=31536000","x-b-ch":"12","content-length":"90352"},"md5":"197b75dae990373ef764b0fc6483c9c8","encode":"utf-8","mime":"text/javascript"},{"url":["https://h5-static.helloyo.sg/live/helloyo/app-60662-Iup9pz/js/chunk-vendors.772bfb05.js"],"fitUrl":["https://h5-static.helloyo.sg/live/helloyo/app-60662-Iup9pz/js/chunk-vendors.772bfb05.js"],"path":"/h5-static.helloyo.sg/live/helloyo/app-60662-Iup9pz/js/chunk-vendors.772bfb05.js","header":{"date":"Wed, 19 Nov 2025 03:45:05 GMT","content-encoding":"br","last-modified":"Wed, 19 Nov 2025 03:44:44 GMT","server":"nginx","age":"0","vary":"Accept-Encoding","content-type":"application/javascript; charset=utf-8","access-control-allow-origin":"*","cache-control":"max-age=31536000","x-b-ch":"21","content-length":"612915"},"md5":"3e01b512428b9e04d255b2f4d6d12856","encode":"utf-8","mime":"text/javascript"},{"url":["https://h5-static.helloyo.sg/live/helloyo/app-60662-Iup9pz/js/chunk-4319aba6.297763cd.js"],"fitUrl":["https://h5-static.helloyo.sg/live/helloyo/app-60662-Iup9pz/js/chunk-4319aba6.297763cd.js"],"path":"/h5-static.helloyo.sg/live/helloyo/app-60662-Iup9pz/js/chunk-4319aba6.297763cd.js","header":{"date":"Wed, 19 Nov 2025 03:45:06 GMT","content-encoding":"br","last-modified":"Wed, 19 Nov 2025 03:44:44 GMT","server":"nginx","age":"0","vary":"Accept-Encoding","content-type":"application/javascript; charset=utf-8","access-control-allow-origin":"*","cache-control":"max-age=31536000","x-b-ch":"21","content-length":"8816"},"md5":"da11f088278adb3e04134b63edffd920","encode":"utf-8","mime":"text/javascript"},{"url":["https://h5-static.helloyo.sg/live/helloyo/app-60662-Iup9pz/js/chunk-91645232.87df236c.js"],"fitUrl":["https://h5-static.helloyo.sg/live/helloyo/app-60662-Iup9pz/js/chunk-91645232.87df236c.js"],"path":"/h5-static.helloyo.sg/live/helloyo/app-60662-Iup9pz/js/chunk-91645232.87df236c.js","header":{"date":"Wed, 19 Nov 2025 03:45:06 GMT","content-encoding":"br","last-modified":"Wed, 19 Nov 2025 03:44:44 GMT","server":"nginx","age":"0","vary":"Accept-Encoding","content-type":"application/javascript; charset=utf-8","access-control-allow-origin":"*","cache-control":"max-age=31536000","x-b-ch":"21","content-length":"541238"},"md5":"f9b5bf1931f59ee8a7be66f0fa8d700f","encode":"utf-8","mime":"text/javascript"}]}
