{"basic_md5":"43a78deacfd1ce59fd345cc41e9afecb","basic_url":"https://static-web.helloyo.sg/as/pinpincart-static/offline_package/prod/helloyo-f63b0c3e-1_0-base.zip","basic_version":1,"fast_html":false,"full_md5":"9d6a0ee853f416c1cadfa7a0df661467","id":"f63b0c3e","patch_md5":"b1d5df3fcebc43161915e07fb5425c68","patch_url":"https://static-web.helloyo.sg/as/pinpincart-static/offline_package/prod/helloyo-f63b0c3e-1_6-patch.zip","patch_version":6,"status":1,"timestamp":0,"url":["https://h5-static.helloyo.sg/live/helloyo/app-85175-crash/index.html"]}