{"resources":[{"url":["https://h5-static.helloyo.sg/live/helloyo/app-common/flexible.min.js"],"fitUrl":["https://h5-static.helloyo.sg/live/helloyo/app-common/flexible.min.js"],"path":"/h5-static.helloyo.sg/live/helloyo/app-common/flexible.min.js","header":{"date":"Wed, 19 Nov 2025 03:45:05 GMT","content-encoding":"br","last-modified":"Wed, 19 Mar 2025 09:16:34 GMT","server":"nginx","age":"372270","vary":"Accept-Encoding","content-type":"application/javascript; charset=utf-8","access-control-allow-origin":"*","cache-control":"max-age=31536000","x-b-ch":"12","content-length":"1167"},"md5":"721c1c11c765741d42ac2c4c1d3c0feb","encode":"utf-8","mime":"text/javascript"},{"url":["https://h5-static.helloyo.sg/live/helloyo/app-85175-crash/static/js/auto-webp.js"],"fitUrl":["https://h5-static.helloyo.sg/live/helloyo/app-85175-crash/static/js/auto-webp.js"],"path":"/h5-static.helloyo.sg/live/helloyo/app-85175-crash/static/js/auto-webp.js","header":{"date":"Wed, 19 Nov 2025 03:45:05 GMT","content-encoding":"br","last-modified":"Mon, 31 Mar 2025 07:06:21 GMT","server":"nginx","age":"314438","vary":"Accept-Encoding","content-type":"application/javascript; charset=utf-8","access-control-allow-origin":"*","cache-control":"max-age=31536000","x-b-ch":"12","content-length":"1532"},"md5":"3f82bfeab176d39756d9c450a2363ac0","encode":"utf-8","mime":"text/javascript"},{"url":["https://h5-static.helloyo.sg/live/helloyo/app-common/mark/1.0.0/hello.fun.min.js"],"fitUrl":["https://h5-static.helloyo.sg/live/helloyo/app-common/mark/1.0.0/hello.fun.min.js"],"path":"/h5-static.helloyo.sg/live/helloyo/app-common/mark/1.0.0/hello.fun.min.js","header":{"date":"Wed, 19 Nov 2025 03:45:05 GMT","last-modified":"Wed, 19 Mar 2025 09:16:35 GMT","server":"nginx","age":"316676","etag":"4he/21tupXPHTwmJ.js","vary":"Accept-Encoding","content-type":"application/javascript; charset=utf-8","access-control-allow-origin":"*","cache-control":"max-age=31536000","x-b-ch":"12","accept-ranges":"bytes","content-length":"500"},"md5":"aabe7cf0a014268183638868405879ba","encode":"utf-8","mime":"text/javascript"},{"url":["https://h5-static.helloyo.sg/live/helloyo/app-common/assets-load-monitor/2.5.6/assets-load-monitor-init.min.js"],"fitUrl":["https://h5-static.helloyo.sg/live/helloyo/app-common/assets-load-monitor/2.5.6/assets-load-monitor-init.min.js"],"path":"/h5-static.helloyo.sg/live/helloyo/app-common/assets-load-monitor/2.5.6/assets-load-monitor-init.min.js","header":{"date":"Wed, 19 Nov 2025 03:45:05 GMT","content-encoding":"br","last-modified":"Wed, 19 Mar 2025 09:16:34 GMT","server":"nginx","age":"256466","vary":"Accept-Encoding","content-type":"application/javascript; charset=utf-8","access-control-allow-origin":"*","cache-control":"max-age=31536000","x-b-ch":"12","content-length":"27398"},"md5":"09736d0ac247de6cd8a6a691b6b781a0","encode":"utf-8","mime":"text/javascript"},{"url":["https://h5-static.helloyo.sg/live/helloyo/app-common/nativeapi/2.1.16/nativeApi.helloyo.min.js"],"fitUrl":["https://h5-static.helloyo.sg/live/helloyo/app-common/nativeapi/2.1.16/nativeApi.helloyo.min.js"],"path":"/h5-static.helloyo.sg/live/helloyo/app-common/nativeapi/2.1.16/nativeApi.helloyo.min.js","header":{"date":"Wed, 19 Nov 2025 03:45:05 GMT","content-encoding":"br","last-modified":"Mon, 30 Jun 2025 08:49:27 GMT","server":"nginx","age":"220204","vary":"Accept-Encoding","content-type":"application/javascript; charset=utf-8","access-control-allow-origin":"*","cache-control":"max-age=31536000","x-b-ch":"12","content-length":"28828"},"md5":"129955c7c3dd8240ad19d5e9bdde4e23","encode":"utf-8","mime":"text/javascript"},{"url":["https://h5-static.helloyo.sg/live/helloyo/app-common/bigo-logger.js.html"],"fitUrl":["https://h5-static.helloyo.sg/live/helloyo/app-common/bigo-logger.js.html"],"path":"/h5-static.helloyo.sg/live/helloyo/app-common/bigo-logger.js.html","header":{"date":"Wed, 19 Nov 2025 03:45:05 GMT","content-encoding":"br","last-modified":"Wed, 29 Oct 2025 02:56:26 GMT","server":"nginx","age":"48","etag":"4hd/11vDwMM4d0V9D.html","vary":"Accept-Encoding","content-type":"text/html; charset=utf-8","access-control-allow-origin":"*","cache-control":"max-age=60","x-b-ch":"12","content-length":"36395"},"md5":"e4633ea7230dc24fb3fdb438f719d82a","encode":"utf-8","mime":"text/html"},{"url":["https://h5-static.helloyo.sg/live/helloyo/app-85175-crash/css/chunk-vendors.b1122cba.css"],"fitUrl":["https://h5-static.helloyo.sg/live/helloyo/app-85175-crash/css/chunk-vendors.b1122cba.css"],"path":"/h5-static.helloyo.sg/live/helloyo/app-85175-crash/css/chunk-vendors.b1122cba.css","header":{"date":"Wed, 19 Nov 2025 03:45:05 GMT","content-encoding":"br","last-modified":"Wed, 30 Jul 2025 07:31:39 GMT","server":"nginx","age":"158689","vary":"Accept-Encoding","content-type":"text/css","access-control-allow-origin":"*","cache-control":"max-age=31536000","x-b-ch":"12","content-length":"20016"},"md5":"a0c163428d14ced30e72c63ce8fd4032","encode":"utf-8","mime":"text/css"},{"url":["https://h5-static.helloyo.sg/live/helloyo/app-common/vue2.7/common_vendor.min.js"],"fitUrl":["https://h5-static.helloyo.sg/live/helloyo/app-common/vue2.7/common_vendor.min.js"],"path":"/h5-static.helloyo.sg/live/helloyo/app-common/vue2.7/common_vendor.min.js","header":{"date":"Wed, 19 Nov 2025 03:45:05 GMT","content-encoding":"br","last-modified":"Wed, 19 Mar 2025 09:16:35 GMT","server":"nginx","age":"277224","vary":"Accept-Encoding","content-type":"application/javascript; charset=utf-8","access-control-allow-origin":"*","cache-control":"max-age=31536000","x-b-ch":"12","content-length":"94808"},"md5":"6a66f1c3174712a6055f00c7e6d1f13f","encode":"utf-8","mime":"text/javascript"},{"url":["https://h5-static.helloyo.sg/live/helloyo/app-85175-crash/js/index.c4cff756.js"],"fitUrl":["https://h5-static.helloyo.sg/live/helloyo/app-85175-crash/js/index.c4cff756.js"],"path":"/h5-static.helloyo.sg/live/helloyo/app-85175-crash/js/index.c4cff756.js","header":{"date":"Wed, 19 Nov 2025 03:45:05 GMT","content-encoding":"br","last-modified":"Wed, 19 Nov 2025 03:42:59 GMT","server":"nginx","age":"79","vary":"Accept-Encoding","content-type":"application/javascript; charset=utf-8","access-control-allow-origin":"*","cache-control":"max-age=31536000","x-b-ch":"11","content-length":"63292"},"md5":"dd39c3910762e60df02268cb8ef4ad12","encode":"utf-8","mime":"text/javascript"},{"url":["https://h5-static.helloyo.sg/live/helloyo/app-85175-crash/css/index.ca4fea06.css"],"fitUrl":["https://h5-static.helloyo.sg/live/helloyo/app-85175-crash/css/index.ca4fea06.css"],"path":"/h5-static.helloyo.sg/live/helloyo/app-85175-crash/css/index.ca4fea06.css","header":{"date":"Wed, 19 Nov 2025 03:45:05 GMT","content-encoding":"br","last-modified":"Mon, 14 Jul 2025 06:46:23 GMT","server":"nginx","age":"260320","vary":"Accept-Encoding","content-type":"text/css","access-control-allow-origin":"*","cache-control":"max-age=31536000","x-b-ch":"12","content-length":"50699"},"md5":"663ec8b85bf84e261ae67e1f153243a9","encode":"utf-8","mime":"text/css"},{"url":["https://h5-static.helloyo.sg/live/helloyo/app-85175-crash/js/chunk-vendors.35832dbf.js"],"fitUrl":["https://h5-static.helloyo.sg/live/helloyo/app-85175-crash/js/chunk-vendors.35832dbf.js"],"path":"/h5-static.helloyo.sg/live/helloyo/app-85175-crash/js/chunk-vendors.35832dbf.js","header":{"date":"Wed, 19 Nov 2025 03:45:05 GMT","content-encoding":"br","last-modified":"Wed, 19 Nov 2025 03:42:59 GMT","server":"nginx","age":"79","vary":"Accept-Encoding","content-type":"application/javascript; charset=utf-8","access-control-allow-origin":"*","cache-control":"max-age=31536000","x-b-ch":"11","content-length":"467081"},"md5":"a2a777d370f8d02fea319d25d321c3ba","encode":"utf-8","mime":"text/javascript"},{"url":["https://h5-static.helloyo.sg/live/helloyo/app-85175-crash/img/icon-rule.7aeac797.wp.png"],"fitUrl":["https://h5-static.helloyo.sg/live/helloyo/app-85175-crash/img/icon-rule.7aeac797.wp.png"],"path":"/h5-static.helloyo.sg/live/helloyo/app-85175-crash/img/icon-rule.7aeac797.wp.png","header":{"date":"Wed, 19 Nov 2025 03:45:06 GMT","last-modified":"Tue, 01 Apr 2025 02:28:17 GMT","server":"nginx","age":"160404","etag":"4he/21tzRMPO5qiM.png","content-type":"image/png","access-control-allow-origin":"*","cache-control":"max-age=31536000","x-b-ch":"12","accept-ranges":"bytes","content-length":"3200"},"md5":"7aeac797294ceb1df7f1a94d11adfd8c","encode":"utf-8","mime":"image/png"},{"url":["https://h5-static.helloyo.sg/live/helloyo/app-85175-crash/img/icon-rank.c99cb4e5.wp.png"],"fitUrl":["https://h5-static.helloyo.sg/live/helloyo/app-85175-crash/img/icon-rank.c99cb4e5.wp.png"],"path":"/h5-static.helloyo.sg/live/helloyo/app-85175-crash/img/icon-rank.c99cb4e5.wp.png","header":{"date":"Wed, 19 Nov 2025 03:45:06 GMT","last-modified":"Tue, 01 Apr 2025 02:28:18 GMT","server":"nginx","age":"312200","etag":"4he/11tzRMQINq77.png","content-type":"image/png","access-control-allow-origin":"*","cache-control":"max-age=31536000","x-b-ch":"12","accept-ranges":"bytes","content-length":"3421"},"md5":"c99cb4e5ca0ad64a1c3cb010530a8114","encode":"utf-8","mime":"image/png"},{"url":["https://h5-static.helloyo.sg/live/helloyo/app-85175-crash/img/bg-opt-block.3a7cae23.wp.png"],"fitUrl":["https://h5-static.helloyo.sg/live/helloyo/app-85175-crash/img/bg-opt-block.3a7cae23.wp.png"],"path":"/h5-static.helloyo.sg/live/helloyo/app-85175-crash/img/bg-opt-block.3a7cae23.wp.png","header":{"date":"Wed, 19 Nov 2025 03:45:06 GMT","last-modified":"Tue, 29 Apr 2025 02:44:51 GMT","server":"nginx","age":"172732","etag":"4hd/01u9axnuPWYvg.png","content-type":"image/png","access-control-allow-origin":"*","cache-control":"max-age=31536000","x-b-ch":"12","accept-ranges":"bytes","content-length":"15321"},"md5":"3a7cae236e7c88a67a9c25490223a56c","encode":"utf-8","mime":"image/png"},{"url":["https://h5-static.helloyo.sg/live/helloyo/app-85175-crash/img/icon-music-close.9467cdf5.wp.png"],"fitUrl":["https://h5-static.helloyo.sg/live/helloyo/app-85175-crash/img/icon-music-close.9467cdf5.wp.png"],"path":"/h5-static.helloyo.sg/live/helloyo/app-85175-crash/img/icon-music-close.9467cdf5.wp.png","header":{"date":"Wed, 19 Nov 2025 03:45:06 GMT","last-modified":"Tue, 01 Apr 2025 02:28:18 GMT","server":"nginx","age":"412832","etag":"4he/11tzRMQhmFW9.png","content-type":"image/png","access-control-allow-origin":"*","cache-control":"max-age=31536000","x-b-ch":"12","accept-ranges":"bytes","content-length":"3482"},"md5":"9467cdf595d9edebaaa145f7c3914164","encode":"utf-8","mime":"image/png"},{"url":["https://h5-static.helloyo.sg/live/helloyo/app-85175-crash/img/bg-top.07e9df4d.wp.png"],"fitUrl":["https://h5-static.helloyo.sg/live/helloyo/app-85175-crash/img/bg-top.07e9df4d.wp.png"],"path":"/h5-static.helloyo.sg/live/helloyo/app-85175-crash/img/bg-top.07e9df4d.wp.png","header":{"date":"Wed, 19 Nov 2025 03:45:06 GMT","last-modified":"Tue, 01 Apr 2025 02:28:15 GMT","server":"nginx","age":"282203","etag":"4he/21tzRMNP6rj3.png","content-type":"image/png","access-control-allow-origin":"*","cache-control":"max-age=31536000","x-b-ch":"12","accept-ranges":"bytes","content-length":"21711"},"md5":"07e9df4dd65603c75d79774f40fa557a","encode":"utf-8","mime":"image/png"},{"url":["https://h5-static.helloyo.sg/live/helloyo/app-85175-crash/img/banner-plane.ca48929d.wp.png"],"fitUrl":["https://h5-static.helloyo.sg/live/helloyo/app-85175-crash/img/banner-plane.ca48929d.wp.png"],"path":"/h5-static.helloyo.sg/live/helloyo/app-85175-crash/img/banner-plane.ca48929d.wp.png","header":{"date":"Wed, 19 Nov 2025 03:45:06 GMT","last-modified":"Tue, 01 Apr 2025 02:28:16 GMT","server":"nginx","age":"386267","etag":"4he/11tzRMOPUxDw.png","content-type":"image/png","access-control-allow-origin":"*","cache-control":"max-age=31536000","x-b-ch":"12","accept-ranges":"bytes","content-length":"22175"},"md5":"ca48929dce048964196bdefcbe958ed2","encode":"utf-8","mime":"image/png"},{"url":["https://h5-static.helloyo.sg/live/helloyo/app-85175-crash/img/bg-yun.19f5c41f.pw.png"],"fitUrl":["https://h5-static.helloyo.sg/live/helloyo/app-85175-crash/img/bg-yun.19f5c41f.pw.png"],"path":"/h5-static.helloyo.sg/live/helloyo/app-85175-crash/img/bg-yun.19f5c41f.pw.png","header":{"date":"Wed, 19 Nov 2025 03:45:06 GMT","last-modified":"Tue, 01 Apr 2025 02:28:16 GMT","server":"nginx","age":"396263","etag":"4he/11tzRMOhmFVv.png","content-type":"image/png","access-control-allow-origin":"*","cache-control":"max-age=31536000","x-b-ch":"12","accept-ranges":"bytes","content-length":"31931"},"md5":"19f5c41f7a12630f4947b30e1fa6eabe","encode":"utf-8","mime":"image/png"},{"url":["https://h5-static.helloyo.sg/live/helloyo/app-85175-crash/img/banner-bg.379815a2.wp.png"],"fitUrl":["https://h5-static.helloyo.sg/live/helloyo/app-85175-crash/img/banner-bg.379815a2.wp.png"],"path":"/h5-static.helloyo.sg/live/helloyo/app-85175-crash/img/banner-bg.379815a2.wp.png","header":{"date":"Wed, 19 Nov 2025 03:45:06 GMT","last-modified":"Tue, 01 Apr 2025 02:28:18 GMT","server":"nginx","age":"374282","etag":"4he/11tzRMQLQtA8.png","content-type":"image/png","access-control-allow-origin":"*","cache-control":"max-age=31536000","x-b-ch":"12","accept-ranges":"bytes","content-length":"13566"},"md5":"379815a200504bc21b8b3a6023388411","encode":"utf-8","mime":"image/png"},{"url":["https://h5-static.helloyo.sg/live/helloyo/app-85175-crash/img/icon-add-grey.44ecddb7.wp.png"],"fitUrl":["https://h5-static.helloyo.sg/live/helloyo/app-85175-crash/img/icon-add-grey.44ecddb7.wp.png"],"path":"/h5-static.helloyo.sg/live/helloyo/app-85175-crash/img/icon-add-grey.44ecddb7.wp.png","header":{"date":"Wed, 19 Nov 2025 03:45:06 GMT","last-modified":"Tue, 29 Apr 2025 02:44:50 GMT","server":"nginx","age":"378823","etag":"4he/11u9axmMrUvE.png","content-type":"image/png","access-control-allow-origin":"*","cache-control":"max-age=31536000","x-b-ch":"12","accept-ranges":"bytes","content-length":"2491"},"md5":"44ecddb700956d96804c4c747341f99b","encode":"utf-8","mime":"image/png"},{"url":["https://h5-static.helloyo.sg/live/helloyo/app-85175-crash/img/row-mine-1.13cf5dba.wp.png"],"fitUrl":["https://h5-static.helloyo.sg/live/helloyo/app-85175-crash/img/row-mine-1.13cf5dba.wp.png"],"path":"/h5-static.helloyo.sg/live/helloyo/app-85175-crash/img/row-mine-1.13cf5dba.wp.png","header":{"date":"Wed, 19 Nov 2025 03:45:06 GMT","last-modified":"Tue, 29 Apr 2025 02:44:51 GMT","server":"nginx","age":"300696","etag":"4hd/01u9axnAfmoBd.png","content-type":"image/png","access-control-allow-origin":"*","cache-control":"max-age=31536000","x-b-ch":"12","accept-ranges":"bytes","content-length":"12135"},"md5":"13cf5dbabff216af90410f1e9d3472fc","encode":"utf-8","mime":"image/png"},{"url":["https://static-web.helloyo.sg/as/helloyo-static/default-avatar.jpg"],"fitUrl":["https://static-web.helloyo.sg/as/helloyo-static/default-avatar.jpg"],"path":"/static-web.helloyo.sg/as/helloyo-static/default-avatar.jpg","header":{"date":"Wed, 19 Nov 2025 03:45:06 GMT","last-modified":"Wed, 08 Jan 2025 09:16:55 GMT","server":"nginx","age":"98886","etag":"4he/11tVSBLJY7CA.jpg","content-type":"image/jpeg","access-control-allow-origin":"*","cache-control":"max-age=31536000","x-b-ch":"12","accept-ranges":"bytes","content-length":"30353"},"md5":"6f601bf88fb21c6c0d9ad8a0b37f16a3","encode":"utf-8","mime":"image/jpeg"},{"url":["https://h5-static.helloyo.sg/live/helloyo/app-85175-crash/img/icon-num-grey.078520cf.wp.png"],"fitUrl":["https://h5-static.helloyo.sg/live/helloyo/app-85175-crash/img/icon-num-grey.078520cf.wp.png"],"path":"/h5-static.helloyo.sg/live/helloyo/app-85175-crash/img/icon-num-grey.078520cf.wp.png","header":{"date":"Wed, 19 Nov 2025 03:45:06 GMT","last-modified":"Tue, 29 Apr 2025 02:44:51 GMT","server":"nginx","age":"213087","etag":"4hd/11u9axn4cntZD.png","content-type":"image/png","access-control-allow-origin":"*","cache-control":"max-age=31536000","x-b-ch":"12","accept-ranges":"bytes","content-length":"2228"},"md5":"078520cf6ddd06de490b036830896608","encode":"utf-8","mime":"image/png"},{"url":["https://h5-static.helloyo.sg/live/helloyo/app-85175-crash/img/icon-record.png.ba72fb10.wp.png"],"fitUrl":["https://h5-static.helloyo.sg/live/helloyo/app-85175-crash/img/icon-record.png.ba72fb10.wp.png"],"path":"/h5-static.helloyo.sg/live/helloyo/app-85175-crash/img/icon-record.png.ba72fb10.wp.png","header":{"date":"Wed, 19 Nov 2025 03:45:06 GMT","last-modified":"Tue, 01 Apr 2025 02:28:16 GMT","server":"nginx","age":"161644","etag":"4hd/11tzRMOAim9Yp.png","content-type":"image/png","access-control-allow-origin":"*","cache-control":"max-age=31536000","x-b-ch":"12","accept-ranges":"bytes","content-length":"3234"},"md5":"ba72fb10b5c41c715c74ce88a1f55b43","encode":"utf-8","mime":"image/png"},{"url":["https://h5-static.helloyo.sg/live/helloyo/app-85175-crash/img/plane-first.545976e0.wp.png"],"fitUrl":["https://h5-static.helloyo.sg/live/helloyo/app-85175-crash/img/plane-first.545976e0.wp.png"],"path":"/h5-static.helloyo.sg/live/helloyo/app-85175-crash/img/plane-first.545976e0.wp.png","header":{"date":"Wed, 19 Nov 2025 03:45:06 GMT","last-modified":"Tue, 01 Apr 2025 02:28:16 GMT","server":"nginx","age":"33467","etag":"4he/21tzRMOaH2uG.png","content-type":"image/png","access-control-allow-origin":"*","cache-control":"max-age=31536000","x-b-ch":"12","accept-ranges":"bytes","content-length":"41916"},"md5":"545976e034e32f6154375f0e8c230ac6","encode":"utf-8","mime":"image/png"},{"url":["https://h5-static.helloyo.sg/live/helloyo/app-85175-crash/img/icon-reduce-grey.068140b3.wp.png"],"fitUrl":["https://h5-static.helloyo.sg/live/helloyo/app-85175-crash/img/icon-reduce-grey.068140b3.wp.png"],"path":"/h5-static.helloyo.sg/live/helloyo/app-85175-crash/img/icon-reduce-grey.068140b3.wp.png","header":{"date":"Wed, 19 Nov 2025 03:45:06 GMT","last-modified":"Tue, 29 Apr 2025 02:44:51 GMT","server":"nginx","age":"378823","etag":"4he/11u9axnPuXyM.png","content-type":"image/png","access-control-allow-origin":"*","cache-control":"max-age=31536000","x-b-ch":"12","accept-ranges":"bytes","content-length":"2335"},"md5":"068140b3bb7eefc1df5f6948ac27e59d","encode":"utf-8","mime":"image/png"},{"url":["https://h5-static.helloyo.sg/live/helloyo/app-85175-crash/img/bg-operation.394d37ef.wp.png"],"fitUrl":["https://h5-static.helloyo.sg/live/helloyo/app-85175-crash/img/bg-operation.394d37ef.wp.png"],"path":"/h5-static.helloyo.sg/live/helloyo/app-85175-crash/img/bg-operation.394d37ef.wp.png","header":{"date":"Wed, 19 Nov 2025 03:45:06 GMT","last-modified":"Tue, 29 Apr 2025 02:44:50 GMT","server":"nginx","age":"190444","etag":"4hd/11u9axm5doua8.png","content-type":"image/png","access-control-allow-origin":"*","cache-control":"max-age=31536000","x-b-ch":"12","accept-ranges":"bytes","content-length":"26298"},"md5":"394d37ef03134e41af08d3fb25c5bfb2","encode":"utf-8","mime":"image/png"},{"url":["https://h5-static.helloyo.sg/live/helloyo/app-85175-crash/img/btn-main.845108a1.wp.png"],"fitUrl":["https://h5-static.helloyo.sg/live/helloyo/app-85175-crash/img/btn-main.845108a1.wp.png"],"path":"/h5-static.helloyo.sg/live/helloyo/app-85175-crash/img/btn-main.845108a1.wp.png","header":{"date":"Wed, 19 Nov 2025 03:45:06 GMT","last-modified":"Tue, 29 Apr 2025 02:44:50 GMT","server":"nginx","age":"289617","etag":"4hd/11u9axmuSdjP6.png","content-type":"image/png","access-control-allow-origin":"*","cache-control":"max-age=31536000","x-b-ch":"12","accept-ranges":"bytes","content-length":"8813"},"md5":"845108a14305f40e92eed55dfb910ea9","encode":"utf-8","mime":"image/png"},{"url":["https://h5-static.helloyo.sg/live/helloyo/app-85175-crash/img/bg-page.a41dc836.wp.png"],"fitUrl":["https://h5-static.helloyo.sg/live/helloyo/app-85175-crash/img/bg-page.a41dc836.wp.png"],"path":"/h5-static.helloyo.sg/live/helloyo/app-85175-crash/img/bg-page.a41dc836.wp.png","header":{"date":"Wed, 19 Nov 2025 03:45:06 GMT","last-modified":"Tue, 01 Apr 2025 02:28:18 GMT","server":"nginx","age":"487280","etag":"4he/11tzRMPQVyF3.png","content-type":"image/png","access-control-allow-origin":"*","cache-control":"max-age=31536000","x-b-ch":"12","accept-ranges":"bytes","content-length":"94255"},"md5":"a41dc8368411d19e31377daceeec2142","encode":"utf-8","mime":"image/png"},{"url":["https://h5-static.helloyo.sg/live/helloyo/app-85175-crash/js/svga.a3474548.js"],"fitUrl":["https://h5-static.helloyo.sg/live/helloyo/app-85175-crash/js/svga.a3474548.js"],"path":"/h5-static.helloyo.sg/live/helloyo/app-85175-crash/js/svga.a3474548.js","header":{"date":"Wed, 19 Nov 2025 03:45:06 GMT","content-encoding":"br","last-modified":"Wed, 19 Nov 2025 03:42:59 GMT","server":"nginx","age":"8","vary":"Accept-Encoding","content-type":"application/javascript; charset=utf-8","access-control-allow-origin":"*","cache-control":"max-age=31536000","x-b-ch":"11","content-length":"131622"},"md5":"2d17094fccbee3071fc14d096bbf1534","encode":"utf-8","mime":"text/javascript"},{"url":["https://h5-static.helloyo.sg/live/helloyo/app-85175-crash/css/chunk-vendors.b1122cba.webp.css"],"fitUrl":["https://h5-static.helloyo.sg/live/helloyo/app-85175-crash/css/chunk-vendors.b1122cba.webp.css"],"path":"/h5-static.helloyo.sg/live/helloyo/app-85175-crash/css/chunk-vendors.b1122cba.webp.css","header":{"server":"openresty","date":"Wed, 19 Nov 2025 03:45:17 GMT","content-type":"text/css","content-length":"81423","connection":"close","accept-ranges":"bytes","last-modified":"Wed, 30 Jul 2025 07:31:39 GMT","etag":"4he/11uh1Hnis3cX.css","cache-control":"max-age=31536000","access-control-allow-origin":"*","vary":"Accept-Encoding","age":"1","x-b-ch":"11"},"md5":"78ba20a82dd50fbb9f750d64b0ccc72f","encode":"utf-8","mime":"text/css"},{"url":["https://h5-static.helloyo.sg/live/helloyo/app-85175-crash/css/chunk-vendors.b1122cba.webp.min.css"],"fitUrl":["https://h5-static.helloyo.sg/live/helloyo/app-85175-crash/css/chunk-vendors.b1122cba.webp.min.css"],"path":"/h5-static.helloyo.sg/live/helloyo/app-85175-crash/css/chunk-vendors.b1122cba.webp.min.css","header":{"server":"openresty","date":"Wed, 19 Nov 2025 03:45:17 GMT","content-type":"text/css","content-length":"81423","connection":"close","accept-ranges":"bytes","last-modified":"Wed, 30 Jul 2025 07:31:39 GMT","etag":"4hd/11uh1Hn6fVLnE.css","cache-control":"max-age=31536000","access-control-allow-origin":"*","vary":"Accept-Encoding","age":"1","x-b-ch":"11"},"md5":"78ba20a82dd50fbb9f750d64b0ccc72f","encode":"utf-8","mime":"text/css"}]}
