{"configs_key":{"overwall_address":"{\"SA\":{\"lbs\":{\"wss\":[],\"wssv2\":[{\"networkOperator\":\"others\",\"switch\":\"1\",\"configs\":[{\"url\":\"wss:\/\/helloyo-westeu-signalwss.azurewebsites.net\/lbs\",\"frontingDomain\":\"\",\"tlsSpecName\":\"\",\"externalClient\":2},{\"url\":\"wss:\/\/h.microsoft-stat.net\/lbs\",\"frontingDomain\":\"\",\"tlsSpecName\":\"\",\"externalClient\":2}]}]},\"linkd\":{\"wss\":[],\"wssv2\":[{\"networkOperator\":\"others\",\"switch\":\"1\",\"configs\":[{\"url\":\"wss:\/\/helloyo-westeu-signalwss.azurewebsites.net\/as\",\"frontingDomain\":\"\",\"tlsSpecName\":\"\",\"externalClient\":2},{\"url\":\"wss:\/\/h.microsoft-stat.net\/as\",\"frontingDomain\":\"\",\"tlsSpecName\":\"\",\"externalClient\":2}]}]}},\"DZ\":{\"lbs\":{\"wss\":[],\"wssv2\":[{\"networkOperator\":\"others\",\"switch\":\"1\",\"configs\":[{\"url\":\"wss:\/\/hywss.aiyaum.com\/lbs\",\"frontingDomain\":\"\",\"tlsSpecName\":\"\",\"externalClient\":1},{\"url\":\"wss:\/\/d2a7e6bjwve2vd.cloudfront.net\/lbs\",\"frontingDomain\":\"\",\"tlsSpecName\":\"\",\"externalClient\":1}]}]},\"linkd\":{\"wss\":[],\"wssv2\":[{\"networkOperator\":\"others\",\"switch\":\"1\",\"configs\":[{\"url\":\"wss:\/\/hywss.aiyaum.com\/as\",\"frontingDomain\":\"\",\"tlsSpecName\":\"\",\"externalClient\":1},{\"url\":\"wss:\/\/d2a7e6bjwve2vd.cloudfront.net\/as\",\"frontingDomain\":\"\",\"tlsSpecName\":\"\",\"externalClient\":1}]}]}}}","overwall_config_url":"{\"SA\":{\"config_url_v2\":{\"url\":\"https:\/\/d1i1g2zyistycd.cloudfront.net\/abconf\",\"frontingDomain\":\"\"}},\"CN\":{\"config_url_v3\":[{\"url\":\"https:\/\/conf-yo.piojm.tech\/abconf\",\"frontingDomain\":\"www.microsoft.com\",\"dfMode\":1,\"externalClient\":3,\"tlsSpecName\":\"__id_HelloChrome_115_PQ\",\"ips\":[\"202.63.37.153\",\"164.90.98.97\"]},{\"url\":\"https:\/\/conf-yo.piojm.tech\/abconf\",\"frontingDomain\":\"www.google.com\",\"dfMode\":1,\"externalClient\":2,\"tlsSpecName\":\"__id_HelloChrome_115_PQ\",\"ips\":[\"202.63.37.153\",\"164.90.98.97\"]},{\"url\":\"https:\/\/conf-yo.piojm.tech\/abconf\",\"frontingDomain\":\"www.google.com\",\"dfMode\":1,\"externalClient\":3,\"tlsSpecName\":\"__id_HelloFirefox_120\",\"ips\":[\"202.63.37.153\",\"164.90.98.97\"]},{\"url\":\"https:\/\/conf-yo.piojm.tech\/abconf\",\"frontingDomain\":\"conf-yo.piojm.tech\",\"dfMode\":0,\"externalClient\":2,\"tlsSpecName\":\"__id_HelloChrome_115_PQ\"},{\"url\":\"https:\/\/conf-yo.piojm.tech\/abconf\",\"frontingDomain\":\"conf-yo.piojm.tech\",\"dfMode\":0,\"externalClient\":3,\"tlsSpecName\":\"__id_HelloChrome_115_PQ\"},{\"url\":\"https:\/\/conf-yo.piojm.tech\/abconf\",\"frontingDomain\":\"conf-yo.piojm.tech\",\"dfMode\":0,\"externalClient\":1,\"tlsSpecName\":\"__id_HelloChrome_115_PQ\"},{\"url\":\"https:\/\/conf-yo.piojm.tech\/abconf\",\"frontingDomain\":\"conf-yo.piojm.tech\",\"dfMode\":0,\"externalClient\":0,\"tlsSpecName\":\"__id_HelloChrome_115_PQ\",\"ips\":[\"202.63.37.153\",\"164.90.98.97\"]},{\"url\":\"https:\/\/conf-yo.piojm.tech\/abconf\",\"dfMode\":0,\"externalClient\":0,\"tlsSpecName\":\"__id_HelloChrome_115_PQ\"},{\"url\":\"https:\/\/conf-yo.piojm.tech\/abconf\",\"dfMode\":0,\"externalClient\":1,\"tlsSpecName\":\"__id_HelloChrome_115_PQ\"},{\"url\":\"https:\/\/conf-yo.piojm.tech\/abconf\",\"dfMode\":0,\"externalClient\":2,\"tlsSpecName\":\"__id_HelloChrome_115_PQ\"}]}}","sa_configuration":"{\"config_url\":\"https:\/\/d2i15zfrf83fue.cloudfront.net\/abconf\"}"},"fetch_time_key":1767640404535,"abt_experiments_key":[],"personalization_metadata_key":{}}