{"Fid":"cVjbOaBnRf6rUbLtpZ69c4","Status":3,"AuthToken":"eyJhbGciOiJFUzI1NiIsInR5cCI6IkpXVCJ9.eyJhcHBJZCI6IjE6NzY0NjM3OTIzNzE4OmFuZHJvaWQ6NGNiZmM0OTllOWU4ZDYzY2ZmMDQwNyIsImV4cCI6MTc2ODI0MjM3MSwiZmlkIjoiY1ZqYk9hQm5SZjZyVWJMdHBaNjljNCIsInByb2plY3ROdW1iZXIiOjc2NDYzNzkyMzcxOH0.AB2LPV8wRgIhANFKJPYEeKqo7swz_QfTX5dnCXlAlZOt5ZxkEUOs256bAiEA9nav7CNFlC5Ufhjdt6heTM32Tth4uaNI202wVWiu5b8","RefreshToken":"3_AS3qfwIIbUFupCa1y0abE4znoDNPrvJvP1qqQ-EqK3KsQnjFeiQQ0jKWoBOH_lR11cy2tiJZjJLD4vRgSLbKPHaZ88Q-kMkVCCDJMCeH0Le0UA4","TokenCreationEpochInSecs":1767637571,"ExpiresInSecs":604800}