{"Fid":"ca82saWfSQmJSXhHpITIjG","Status":3,"AuthToken":"eyJhbGciOiJFUzI1NiIsInR5cCI6IkpXVCJ9.eyJhcHBJZCI6IjE6NzY0NjM3OTIzNzE4OmFuZHJvaWQ6NGNiZmM0OTllOWU4ZDYzY2ZmMDQwNyIsImV4cCI6MTc2ODI0NTIwMywiZmlkIjoiY2E4MnNhV2ZTUW1KU1hoSHBJVElqRyIsInByb2plY3ROdW1iZXIiOjc2NDYzNzkyMzcxOH0.AB2LPV8wRgIhANE-ngjbBpLMwSytahq_3lOK1YrX-VdLMXb3-u9xxm5-AiEA6lrxPkj3R4TBZAeiQPop-ldkwysuXWRkQqTFAThESWE","RefreshToken":"3_AS3qfwJL1kirpn3IcfFOCZzZS7_E5sF2wdFVR6Mq4DeHjXA_x-qJDQEvH2aLofMl7VQasQHdolScSzeYppxixcY_IBoShA_56E6yoFgOF1vs0RE","TokenCreationEpochInSecs":1767640403,"ExpiresInSecs":604800}