{"Fid":"fvwXJ-7tREGLQJcP4WygOk","Status":3,"AuthToken":"eyJhbGciOiJFUzI1NiIsInR5cCI6IkpXVCJ9.eyJhcHBJZCI6IjE6NzY0NjM3OTIzNzE4OmFuZHJvaWQ6NGNiZmM0OTllOWU4ZDYzY2ZmMDQwNyIsImV4cCI6MTc2ODI0OTUyNSwiZmlkIjoiZnZ3WEotN3RSRUdMUUpjUDRXeWdPayIsInByb2plY3ROdW1iZXIiOjc2NDYzNzkyMzcxOH0.AB2LPV8wRgIhAI3AZnJiqgHkzML8mlAWgvpuCCKvRNbDdqssMOo0RQQxAiEAv9AsAOjfZbMRlIN3OAzs8pFdYGDN8ExQ1czlufJzTGk","RefreshToken":"3_AS3qfwKhn8mOLw9me6TTObvs4xjpUReQTmMDw_xg0ivlVRdoHr0145T6yj3zBzFxmHVlv8v7gSNJym9uJSf124zRBC_SXdrdW0GAZuxUio_q9Q","TokenCreationEpochInSecs":1767644724,"ExpiresInSecs":604800}