{"basic_md5":"17ae21e75e651943a2c97b70df1882c5","basic_url":"https://static-web.helloyo.sg/as/pinpincart-static/offline_package/prod/helloyo-1336b853-1_0-base.zip","basic_version":1,"fast_html":false,"full_md5":"1f667f0989253c1f76f2504cb99fd383","id":"1336b853","patch_md5":"3c495163c4a1cb00aaf821190026d64b","patch_url":"https://static-web.helloyo.sg/as/pinpincart-static/offline_package/prod/helloyo-1336b853-1_10-patch.zip","patch_version":10,"status":1,"timestamp":0,"url":["https://h5-static.helloyo.sg/live/helloyo/fisher-solo/index.html"]}