{"resources":[{"url":["https://h5-static.helloyo.sg/live/helloyo/app-common/bigo-logger.js.html"],"fitUrl":["https://h5-static.helloyo.sg/live/helloyo/app-common/bigo-logger.js.html"],"path":"/h5-static.helloyo.sg/live/helloyo/app-common/bigo-logger.js.html","header":{"date":"Tue, 16 Dec 2025 08:15:05 GMT","content-encoding":"br","last-modified":"Wed, 29 Oct 2025 02:56:26 GMT","server":"nginx","age":"6","etag":"4hd/11vDwMM4d0V9D.html","vary":"Accept-Encoding","content-type":"text/html; charset=utf-8","access-control-allow-origin":"*","cache-control":"max-age=60","x-b-ch":"12","content-length":"36395"},"md5":"e4633ea7230dc24fb3fdb438f719d82a","encode":"utf-8","mime":"text/html"},{"url":["https://h5-static.helloyo.sg/live/helloyo/fisher-solo/domStatic/css/chunk-vendors.a4ea687b.css"],"fitUrl":["https://h5-static.helloyo.sg/live/helloyo/fisher-solo/domStatic/css/chunk-vendors.a4ea687b.css"],"path":"/h5-static.helloyo.sg/live/helloyo/fisher-solo/domStatic/css/chunk-vendors.a4ea687b.css","header":{"date":"Tue, 16 Dec 2025 08:15:05 GMT","content-encoding":"br","last-modified":"Thu, 20 Nov 2025 08:07:43 GMT","server":"nginx","age":"332654","vary":"Accept-Encoding","content-type":"text/css","access-control-allow-origin":"*","cache-control":"max-age=31536000","x-b-ch":"12","content-length":"7030"},"md5":"7d640bf81c02e0dd0df38b284a372691","encode":"utf-8","mime":"text/css"},{"url":["https://h5-static.helloyo.sg/live/helloyo/app-common/assets-load-monitor/2.5.6/assets-load-monitor-init.min.js"],"fitUrl":["https://h5-static.helloyo.sg/live/helloyo/app-common/assets-load-monitor/2.5.6/assets-load-monitor-init.min.js"],"path":"/h5-static.helloyo.sg/live/helloyo/app-common/assets-load-monitor/2.5.6/assets-load-monitor-init.min.js","header":{"date":"Tue, 16 Dec 2025 08:15:05 GMT","content-encoding":"br","last-modified":"Wed, 19 Mar 2025 09:16:34 GMT","server":"nginx","age":"152069","vary":"Accept-Encoding","content-type":"application/javascript; charset=utf-8","access-control-allow-origin":"*","cache-control":"max-age=31536000","x-b-ch":"12","content-length":"27398"},"md5":"09736d0ac247de6cd8a6a691b6b781a0","encode":"utf-8","mime":"text/javascript"},{"url":["https://h5-static.helloyo.sg/live/helloyo/fisher-solo/domStatic/css/index.35657b2f.css"],"fitUrl":["https://h5-static.helloyo.sg/live/helloyo/fisher-solo/domStatic/css/index.35657b2f.css"],"path":"/h5-static.helloyo.sg/live/helloyo/fisher-solo/domStatic/css/index.35657b2f.css","header":{"date":"Tue, 16 Dec 2025 08:15:05 GMT","content-encoding":"br","last-modified":"Thu, 20 Nov 2025 08:07:43 GMT","server":"nginx","age":"332654","vary":"Accept-Encoding","content-type":"text/css","access-control-allow-origin":"*","cache-control":"max-age=31536000","x-b-ch":"12","content-length":"27060"},"md5":"083659dc9f6f7a0e62f0346a86125916","encode":"utf-8","mime":"text/css"},{"url":["https://h5-static.helloyo.sg/live/helloyo/app-common/nativeapi/2.1.3/nativeApi.helloyo.min.js"],"fitUrl":["https://h5-static.helloyo.sg/live/helloyo/app-common/nativeapi/2.1.3/nativeApi.helloyo.min.js"],"path":"/h5-static.helloyo.sg/live/helloyo/app-common/nativeapi/2.1.3/nativeApi.helloyo.min.js","header":{"date":"Tue, 16 Dec 2025 08:15:05 GMT","content-encoding":"br","last-modified":"Wed, 19 Mar 2025 09:16:32 GMT","server":"nginx","age":"313370","vary":"Accept-Encoding","content-type":"application/javascript; charset=utf-8","access-control-allow-origin":"*","cache-control":"max-age=31536000","x-b-ch":"12","content-length":"28619"},"md5":"65668c05ade1afe5b6ba81c183a287ca","encode":"utf-8","mime":"text/javascript"},{"url":["https://h5-static.helloyo.sg/live/helloyo/app-common/mark/1.0.0/hello.fun.min.js"],"fitUrl":["https://h5-static.helloyo.sg/live/helloyo/app-common/mark/1.0.0/hello.fun.min.js"],"path":"/h5-static.helloyo.sg/live/helloyo/app-common/mark/1.0.0/hello.fun.min.js","header":{"date":"Tue, 16 Dec 2025 08:15:05 GMT","last-modified":"Wed, 19 Mar 2025 09:16:35 GMT","server":"nginx","age":"142653","etag":"4he/21tupXPHTwmJ.js","vary":"Accept-Encoding","content-type":"application/javascript; charset=utf-8","access-control-allow-origin":"*","cache-control":"max-age=31536000","x-b-ch":"12","accept-ranges":"bytes","content-length":"500"},"md5":"aabe7cf0a014268183638868405879ba","encode":"utf-8","mime":"text/javascript"},{"url":["https://h5-static.helloyo.sg/live/helloyo/fisher-solo/resource/assets/loading/icon-loading.5e5b42e3.png"],"fitUrl":["https://h5-static.helloyo.sg/live/helloyo/fisher-solo/resource/assets/loading/icon-loading.5e5b42e3.png"],"path":"/h5-static.helloyo.sg/live/helloyo/fisher-solo/resource/assets/loading/icon-loading.5e5b42e3.png","header":{"date":"Tue, 16 Dec 2025 08:15:05 GMT","last-modified":"Thu, 20 Nov 2025 08:07:31 GMT","server":"nginx","age":"308471","etag":"4hd/21vLzhTR1ZzsL.png","content-type":"image/png","access-control-allow-origin":"*","cache-control":"max-age=31536000","x-b-ch":"12","accept-ranges":"bytes","content-length":"2887"},"md5":"684a638519b8c688652f32fd2ceee86c","encode":"utf-8","mime":"image/png"},{"url":["https://h5-static.helloyo.sg/live/helloyo/fisher-solo/resource/assets/loading/loading-init.37a36144.png"],"fitUrl":["https://h5-static.helloyo.sg/live/helloyo/fisher-solo/resource/assets/loading/loading-init.37a36144.png"],"path":"/h5-static.helloyo.sg/live/helloyo/fisher-solo/resource/assets/loading/loading-init.37a36144.png","header":{"date":"Tue, 16 Dec 2025 08:15:05 GMT","last-modified":"Thu, 20 Nov 2025 08:07:31 GMT","server":"nginx","age":"2384","etag":"4he/21vLzhTNuxOi.png","content-type":"image/png","access-control-allow-origin":"*","cache-control":"max-age=31536000","x-b-ch":"12","accept-ranges":"bytes","content-length":"8814"},"md5":"159b12c663dd5c69603c88efdfce5abb","encode":"utf-8","mime":"image/png"},{"url":["https://h5-static.helloyo.sg/live/helloyo/fisher-solo/resource/assets/loading/bg-banner.b53c1196.png"],"fitUrl":["https://h5-static.helloyo.sg/live/helloyo/fisher-solo/resource/assets/loading/bg-banner.b53c1196.png"],"path":"/h5-static.helloyo.sg/live/helloyo/fisher-solo/resource/assets/loading/bg-banner.b53c1196.png","header":{"date":"Tue, 16 Dec 2025 08:15:05 GMT","last-modified":"Thu, 20 Nov 2025 08:07:31 GMT","server":"nginx","age":"160016","etag":"4he/01vLzhTOW40E.png","content-type":"image/png","access-control-allow-origin":"*","cache-control":"max-age=31536000","x-b-ch":"12","accept-ranges":"bytes","content-length":"56893"},"md5":"a46d87b0f9720439cdfa0e25cefe7cdd","encode":"utf-8","mime":"image/png"},{"url":["https://h5-static.helloyo.sg/live/helloyo/fisher-solo/resource/assets/loading/bg.e582e3dd.png"],"fitUrl":["https://h5-static.helloyo.sg/live/helloyo/fisher-solo/resource/assets/loading/bg.e582e3dd.png"],"path":"/h5-static.helloyo.sg/live/helloyo/fisher-solo/resource/assets/loading/bg.e582e3dd.png","header":{"date":"Tue, 16 Dec 2025 08:15:05 GMT","last-modified":"Thu, 20 Nov 2025 08:07:31 GMT","server":"nginx","age":"496901","etag":"4he/01vLzhTMU2yD.png","content-type":"image/png","access-control-allow-origin":"*","cache-control":"max-age=31536000","x-b-ch":"12","accept-ranges":"bytes","content-length":"222341"},"md5":"134b0a41f38f987d597979f88c6dc995","encode":"utf-8","mime":"image/png"},{"url":["https://h5-static.helloyo.sg/live/helloyo/fisher-solo/domStatic/js/chunk-common.2537661c.js"],"fitUrl":["https://h5-static.helloyo.sg/live/helloyo/fisher-solo/domStatic/js/chunk-common.2537661c.js"],"path":"/h5-static.helloyo.sg/live/helloyo/fisher-solo/domStatic/js/chunk-common.2537661c.js","header":{"date":"Tue, 16 Dec 2025 08:15:05 GMT","content-encoding":"br","last-modified":"Thu, 20 Nov 2025 08:07:43 GMT","server":"nginx","age":"332654","vary":"Accept-Encoding","content-type":"application/javascript; charset=utf-8","access-control-allow-origin":"*","cache-control":"max-age=31536000","x-b-ch":"12","content-length":"4009"},"md5":"2af8bc2304ae93eb91a99da0cdbef7e9","encode":"utf-8","mime":"text/javascript"},{"url":["https://h5-static.helloyo.sg/live/helloyo/app-common/flexible.min.js"],"fitUrl":["https://h5-static.helloyo.sg/live/helloyo/app-common/flexible.min.js"],"path":"/h5-static.helloyo.sg/live/helloyo/app-common/flexible.min.js","header":{"date":"Tue, 16 Dec 2025 08:15:05 GMT","content-encoding":"br","last-modified":"Wed, 19 Mar 2025 09:16:34 GMT","server":"nginx","age":"317516","vary":"Accept-Encoding","content-type":"application/javascript; charset=utf-8","access-control-allow-origin":"*","cache-control":"max-age=31536000","x-b-ch":"12","content-length":"1167"},"md5":"721c1c11c765741d42ac2c4c1d3c0feb","encode":"utf-8","mime":"text/javascript"},{"url":["https://h5-static.helloyo.sg/live/helloyo/fisher-solo/domStatic/js/chunk-vendors.6810c8c7.js"],"fitUrl":["https://h5-static.helloyo.sg/live/helloyo/fisher-solo/domStatic/js/chunk-vendors.6810c8c7.js"],"path":"/h5-static.helloyo.sg/live/helloyo/fisher-solo/domStatic/js/chunk-vendors.6810c8c7.js","header":{"date":"Tue, 16 Dec 2025 08:15:05 GMT","content-encoding":"br","last-modified":"Thu, 20 Nov 2025 08:07:43 GMT","server":"nginx","age":"332654","vary":"Accept-Encoding","content-type":"application/javascript; charset=utf-8","access-control-allow-origin":"*","cache-control":"max-age=31536000","x-b-ch":"12","content-length":"120858"},"md5":"379796a91dd65f82fc2afd9e8b080b36","encode":"utf-8","mime":"text/javascript"},{"url":["https://h5-static.helloyo.sg/live/helloyo/app-common/common_vendor.min.js"],"fitUrl":["https://h5-static.helloyo.sg/live/helloyo/app-common/common_vendor.min.js"],"path":"/h5-static.helloyo.sg/live/helloyo/app-common/common_vendor.min.js","header":{"date":"Tue, 16 Dec 2025 08:15:05 GMT","content-encoding":"br","last-modified":"Wed, 19 Mar 2025 09:16:32 GMT","server":"nginx","age":"154215","vary":"Accept-Encoding","content-type":"application/javascript; charset=utf-8","access-control-allow-origin":"*","cache-control":"max-age=31536000","x-b-ch":"12","content-length":"90352"},"md5":"197b75dae990373ef764b0fc6483c9c8","encode":"utf-8","mime":"text/javascript"},{"url":["https://h5-static.helloyo.sg/live/helloyo/fisher-solo/domStatic/js/index.f0e8c368.js"],"fitUrl":["https://h5-static.helloyo.sg/live/helloyo/fisher-solo/domStatic/js/index.f0e8c368.js"],"path":"/h5-static.helloyo.sg/live/helloyo/fisher-solo/domStatic/js/index.f0e8c368.js","header":{"date":"Tue, 16 Dec 2025 08:15:05 GMT","content-encoding":"br","last-modified":"Thu, 20 Nov 2025 08:07:43 GMT","server":"nginx","age":"332654","vary":"Accept-Encoding","content-type":"application/javascript; charset=utf-8","access-control-allow-origin":"*","cache-control":"max-age=31536000","x-b-ch":"12","content-length":"33988"},"md5":"9e981f8451cd8531abef2450104fa6b0","encode":"utf-8","mime":"text/javascript"},{"url":["https://h5-static.helloyo.sg/live/helloyo/fisher-solo/js/egret.min_fec4eabd.js"],"fitUrl":["https://h5-static.helloyo.sg/live/helloyo/fisher-solo/js/egret.min_fec4eabd.js"],"path":"/h5-static.helloyo.sg/live/helloyo/fisher-solo/js/egret.min_fec4eabd.js","header":{"date":"Tue, 16 Dec 2025 08:15:05 GMT","content-encoding":"br","last-modified":"Thu, 20 Nov 2025 08:07:42 GMT","server":"nginx","age":"332654","vary":"Accept-Encoding","content-type":"application/javascript; charset=utf-8","access-control-allow-origin":"*","cache-control":"max-age=31536000","x-b-ch":"12","content-length":"75402"},"md5":"ea8f4178443c2004903a979ae48a4391","encode":"utf-8","mime":"text/javascript"},{"url":["https://h5-static.helloyo.sg/live/helloyo/fisher-solo/js/dragonBones.min_6252b9c4.js"],"fitUrl":["https://h5-static.helloyo.sg/live/helloyo/fisher-solo/js/dragonBones.min_6252b9c4.js"],"path":"/h5-static.helloyo.sg/live/helloyo/fisher-solo/js/dragonBones.min_6252b9c4.js","header":{"date":"Tue, 16 Dec 2025 08:15:05 GMT","content-encoding":"br","last-modified":"Thu, 20 Nov 2025 08:07:42 GMT","server":"nginx","age":"332653","vary":"Accept-Encoding","content-type":"application/javascript; charset=utf-8","access-control-allow-origin":"*","cache-control":"max-age=31536000","x-b-ch":"12","content-length":"88087"},"md5":"8e2f39e62dbea0106e177ec0748aaca7","encode":"utf-8","mime":"text/javascript"},{"url":["https://h5-static.helloyo.sg/live/helloyo/fisher-solo/js/main.min_483246ab.js"],"fitUrl":["https://h5-static.helloyo.sg/live/helloyo/fisher-solo/js/main.min_483246ab.js"],"path":"/h5-static.helloyo.sg/live/helloyo/fisher-solo/js/main.min_483246ab.js","header":{"date":"Tue, 16 Dec 2025 08:15:05 GMT","content-encoding":"br","last-modified":"Tue, 16 Dec 2025 08:12:51 GMT","server":"nginx","age":"120","vary":"Accept-Encoding","content-type":"application/javascript; charset=utf-8","access-control-allow-origin":"*","cache-control":"max-age=31536000","x-b-ch":"22","content-length":"73240"},"md5":"4ee811f058ab86aca2c53e2bb5910cb1","encode":"utf-8","mime":"text/javascript"},{"url":["https://h5-static.helloyo.sg/live/helloyo/fisher-solo/js/game.min_16249d0f.js"],"fitUrl":["https://h5-static.helloyo.sg/live/helloyo/fisher-solo/js/game.min_16249d0f.js"],"path":"/h5-static.helloyo.sg/live/helloyo/fisher-solo/js/game.min_16249d0f.js","header":{"date":"Tue, 16 Dec 2025 08:15:05 GMT","content-encoding":"br","last-modified":"Thu, 20 Nov 2025 08:07:41 GMT","server":"nginx","age":"332653","vary":"Accept-Encoding","content-type":"application/javascript; charset=utf-8","access-control-allow-origin":"*","cache-control":"max-age=31536000","x-b-ch":"12","content-length":"14702"},"md5":"e3aad81db5cbde4222b1a66d435702e7","encode":"utf-8","mime":"text/javascript"},{"url":["https://h5-static.helloyo.sg/live/helloyo/fisher-solo/js/eui.min_493403ce.js"],"fitUrl":["https://h5-static.helloyo.sg/live/helloyo/fisher-solo/js/eui.min_493403ce.js"],"path":"/h5-static.helloyo.sg/live/helloyo/fisher-solo/js/eui.min_493403ce.js","header":{"date":"Tue, 16 Dec 2025 08:15:05 GMT","content-encoding":"br","last-modified":"Thu, 20 Nov 2025 08:07:42 GMT","server":"nginx","age":"332653","vary":"Accept-Encoding","content-type":"application/javascript; charset=utf-8","access-control-allow-origin":"*","cache-control":"max-age=31536000","x-b-ch":"12","content-length":"77211"},"md5":"43c7f84ce5f2844b61fe6f2ac6b92bdf","encode":"utf-8","mime":"text/javascript"},{"url":["https://h5-static.helloyo.sg/live/helloyo/fisher-solo/js/egret.web.min_f1ae965b.js"],"fitUrl":["https://h5-static.helloyo.sg/live/helloyo/fisher-solo/js/egret.web.min_f1ae965b.js"],"path":"/h5-static.helloyo.sg/live/helloyo/fisher-solo/js/egret.web.min_f1ae965b.js","header":{"date":"Tue, 16 Dec 2025 08:15:05 GMT","content-encoding":"br","last-modified":"Thu, 20 Nov 2025 08:07:42 GMT","server":"nginx","age":"25057","vary":"Accept-Encoding","content-type":"application/javascript; charset=utf-8","access-control-allow-origin":"*","cache-control":"max-age=31536000","x-b-ch":"12","content-length":"51457"},"md5":"121b11ef480e463f92caa9c07b9a8332","encode":"utf-8","mime":"text/javascript"},{"url":["https://h5-static.helloyo.sg/live/helloyo/fisher-solo/js/tween.min_6c5a88f9.js"],"fitUrl":["https://h5-static.helloyo.sg/live/helloyo/fisher-solo/js/tween.min_6c5a88f9.js"],"path":"/h5-static.helloyo.sg/live/helloyo/fisher-solo/js/tween.min_6c5a88f9.js","header":{"date":"Tue, 16 Dec 2025 08:15:05 GMT","content-encoding":"br","last-modified":"Thu, 20 Nov 2025 08:07:42 GMT","server":"nginx","age":"332653","vary":"Accept-Encoding","content-type":"application/javascript; charset=utf-8","access-control-allow-origin":"*","cache-control":"max-age=31536000","x-b-ch":"12","content-length":"4808"},"md5":"20f8a48b4726c837db3d3cb6dfeaf8b1","encode":"utf-8","mime":"text/javascript"},{"url":["https://h5-static.helloyo.sg/live/helloyo/fisher-solo/js/assetsmanager.min_2ef412b7.js"],"fitUrl":["https://h5-static.helloyo.sg/live/helloyo/fisher-solo/js/assetsmanager.min_2ef412b7.js"],"path":"/h5-static.helloyo.sg/live/helloyo/fisher-solo/js/assetsmanager.min_2ef412b7.js","header":{"date":"Tue, 16 Dec 2025 08:15:05 GMT","content-encoding":"br","last-modified":"Thu, 20 Nov 2025 08:07:41 GMT","server":"nginx","age":"29216","vary":"Accept-Encoding","content-type":"application/javascript; charset=utf-8","access-control-allow-origin":"*","cache-control":"max-age=31536000","x-b-ch":"21","content-length":"12201"},"md5":"91d896ee3ba2d855716803755e7cd0ab","encode":"utf-8","mime":"text/javascript"},{"url":["https://h5-static.helloyo.sg/live/helloyo/fisher-solo/js/default.thm_4dd24c1.js"],"fitUrl":["https://h5-static.helloyo.sg/live/helloyo/fisher-solo/js/default.thm_4dd24c1.js"],"path":"/h5-static.helloyo.sg/live/helloyo/fisher-solo/js/default.thm_4dd24c1.js","header":{"date":"Tue, 16 Dec 2025 08:15:05 GMT","content-encoding":"br","last-modified":"Thu, 20 Nov 2025 08:07:41 GMT","server":"nginx","age":"332653","vary":"Accept-Encoding","content-type":"application/javascript; charset=utf-8","access-control-allow-origin":"*","cache-control":"max-age=31536000","x-b-ch":"12","content-length":"7859"},"md5":"a46d6fce5217758876b405a66cf6e51f","encode":"utf-8","mime":"text/javascript"},{"url":["https://h5-static.helloyo.sg/live/helloyo/fisher-solo/js/promise.min_83a6a5d.js"],"fitUrl":["https://h5-static.helloyo.sg/live/helloyo/fisher-solo/js/promise.min_83a6a5d.js"],"path":"/h5-static.helloyo.sg/live/helloyo/fisher-solo/js/promise.min_83a6a5d.js","header":{"date":"Tue, 16 Dec 2025 08:15:05 GMT","content-encoding":"br","last-modified":"Thu, 20 Nov 2025 08:07:42 GMT","server":"nginx","age":"332653","vary":"Accept-Encoding","content-type":"application/javascript; charset=utf-8","access-control-allow-origin":"*","cache-control":"max-age=31536000","x-b-ch":"12","content-length":"3021"},"md5":"1db72e0812aeb36ffec5285a2e14959f","encode":"utf-8","mime":"text/javascript"},{"url":["https://h5-static.helloyo.sg/live/helloyo/fisher-solo/js/particle.min_d717ba80.js"],"fitUrl":["https://h5-static.helloyo.sg/live/helloyo/fisher-solo/js/particle.min_d717ba80.js"],"path":"/h5-static.helloyo.sg/live/helloyo/fisher-solo/js/particle.min_d717ba80.js","header":{"date":"Tue, 16 Dec 2025 08:15:05 GMT","content-encoding":"br","last-modified":"Thu, 20 Nov 2025 08:07:42 GMT","server":"nginx","age":"490605","vary":"Accept-Encoding","content-type":"application/javascript; charset=utf-8","access-control-allow-origin":"*","cache-control":"max-age=31536000","x-b-ch":"12","content-length":"5940"},"md5":"a39380c2912f33a2c204c2573b5f0e8d","encode":"utf-8","mime":"text/javascript"},{"url":["https://h5-static.helloyo.sg/live/helloyo/fisher-solo/resource/eui/eui_images/CheckBox/checkbox_select_disabled.94c92da.png"],"fitUrl":["https://h5-static.helloyo.sg/live/helloyo/fisher-solo/resource/eui/eui_images/CheckBox/checkbox_select_disabled.94c92da.png"],"path":"/h5-static.helloyo.sg/live/helloyo/fisher-solo/resource/eui/eui_images/CheckBox/checkbox_select_disabled.94c92da.png","header":{"date":"Tue, 16 Dec 2025 08:15:06 GMT","last-modified":"Thu, 20 Nov 2025 08:07:41 GMT","server":"nginx","age":"302985","etag":"4hd/21vLzhd4eCcWn.png","content-type":"image/png","access-control-allow-origin":"*","cache-control":"max-age=31536000","x-b-ch":"12","accept-ranges":"bytes","content-length":"1251"},"md5":"dd9aa43f0bf6cbb969f7cfa238734ee9","encode":"utf-8","mime":"image/png"},{"url":["https://h5-static.helloyo.sg/live/helloyo/fisher-solo/resource/eui/eui_images/CheckBox/checkbox_select_down.bbec74a.png"],"fitUrl":["https://h5-static.helloyo.sg/live/helloyo/fisher-solo/resource/eui/eui_images/CheckBox/checkbox_select_down.bbec74a.png"],"path":"/h5-static.helloyo.sg/live/helloyo/fisher-solo/resource/eui/eui_images/CheckBox/checkbox_select_down.bbec74a.png","header":{"date":"Tue, 16 Dec 2025 08:15:06 GMT","last-modified":"Thu, 20 Nov 2025 08:07:41 GMT","server":"nginx","age":"324977","etag":"4he/21vLzhdY58bZ.png","content-type":"image/png","access-control-allow-origin":"*","cache-control":"max-age=31536000","x-b-ch":"12","accept-ranges":"bytes","content-length":"1243"},"md5":"71e5f029838a1b6ffc11198097555e4b","encode":"utf-8","mime":"image/png"},{"url":["https://h5-static.helloyo.sg/live/helloyo/fisher-solo/resource/eui/eui_images/CheckBox/checkbox_select_up.9748814c.png"],"fitUrl":["https://h5-static.helloyo.sg/live/helloyo/fisher-solo/resource/eui/eui_images/CheckBox/checkbox_select_up.9748814c.png"],"path":"/h5-static.helloyo.sg/live/helloyo/fisher-solo/resource/eui/eui_images/CheckBox/checkbox_select_up.9748814c.png","header":{"date":"Tue, 16 Dec 2025 08:15:06 GMT","last-modified":"Thu, 20 Nov 2025 08:07:41 GMT","server":"nginx","age":"104877","etag":"4he/21vLzhdMtwPb.png","content-type":"image/png","access-control-allow-origin":"*","cache-control":"max-age=31536000","x-b-ch":"21","accept-ranges":"bytes","content-length":"1346"},"md5":"a020101cf37354bf64404fe95b5128c2","encode":"utf-8","mime":"image/png"},{"url":["https://h5-static.helloyo.sg/live/helloyo/fisher-solo/resource/eui/eui_images/CheckBox/checkbox_unselect.a43df5fe.png"],"fitUrl":["https://h5-static.helloyo.sg/live/helloyo/fisher-solo/resource/eui/eui_images/CheckBox/checkbox_unselect.a43df5fe.png"],"path":"/h5-static.helloyo.sg/live/helloyo/fisher-solo/resource/eui/eui_images/CheckBox/checkbox_unselect.a43df5fe.png","header":{"date":"Tue, 16 Dec 2025 08:15:06 GMT","last-modified":"Thu, 20 Nov 2025 08:07:41 GMT","server":"nginx","age":"302985","etag":"4he/01vLzhdKS0y7.png","content-type":"image/png","access-control-allow-origin":"*","cache-control":"max-age=31536000","x-b-ch":"12","accept-ranges":"bytes","content-length":"570"},"md5":"ad1cdba9fbbbad2c40ef3851041ff6bd","encode":"utf-8","mime":"image/png"},{"url":["https://h5-static.helloyo.sg/live/helloyo/fisher-solo/resource/eui/eui_images/ItemRenderer/selected.30c8f73a.png"],"fitUrl":["https://h5-static.helloyo.sg/live/helloyo/fisher-solo/resource/eui/eui_images/ItemRenderer/selected.30c8f73a.png"],"path":"/h5-static.helloyo.sg/live/helloyo/fisher-solo/resource/eui/eui_images/ItemRenderer/selected.30c8f73a.png","header":{"date":"Tue, 16 Dec 2025 08:15:06 GMT","last-modified":"Thu, 20 Nov 2025 08:07:41 GMT","server":"nginx","age":"302985","etag":"4hd/21vLzhdLvTtnq.png","content-type":"image/png","access-control-allow-origin":"*","cache-control":"max-age=31536000","x-b-ch":"12","accept-ranges":"bytes","content-length":"938"},"md5":"94efb85255bad50f4b5c1b44f7190d0d","encode":"utf-8","mime":"image/png"},{"url":["https://h5-static.helloyo.sg/live/helloyo/fisher-solo/resource/eui/eui_images/Panel/border.734be205.png"],"fitUrl":["https://h5-static.helloyo.sg/live/helloyo/fisher-solo/resource/eui/eui_images/Panel/border.734be205.png"],"path":"/h5-static.helloyo.sg/live/helloyo/fisher-solo/resource/eui/eui_images/Panel/border.734be205.png","header":{"date":"Tue, 16 Dec 2025 08:15:06 GMT","last-modified":"Thu, 20 Nov 2025 08:07:41 GMT","server":"nginx","age":"458645","etag":"4he/01vLzhdNV318.png","content-type":"image/png","access-control-allow-origin":"*","cache-control":"max-age=31536000","x-b-ch":"12","accept-ranges":"bytes","content-length":"17476"},"md5":"4fd435493e8e0a29f35ef3a4b19e8166","encode":"utf-8","mime":"image/png"},{"url":["https://h5-static.helloyo.sg/live/helloyo/fisher-solo/resource/eui/eui_images/Panel/header.f949244e.png"],"fitUrl":["https://h5-static.helloyo.sg/live/helloyo/fisher-solo/resource/eui/eui_images/Panel/header.f949244e.png"],"path":"/h5-static.helloyo.sg/live/helloyo/fisher-solo/resource/eui/eui_images/Panel/header.f949244e.png","header":{"date":"Tue, 16 Dec 2025 08:15:06 GMT","last-modified":"Thu, 20 Nov 2025 08:07:41 GMT","server":"nginx","age":"302984","etag":"4hd/21vLzhd2cAaUt.png","content-type":"image/png","access-control-allow-origin":"*","cache-control":"max-age=31536000","x-b-ch":"12","accept-ranges":"bytes","content-length":"7301"},"md5":"7bcdaeb9b82396a0250776625f65d6e6","encode":"utf-8","mime":"image/png"},{"url":["https://h5-static.helloyo.sg/live/helloyo/fisher-solo/resource/eui/eui_images/RadioButton/radiobutton_select_disabled.448f6d46.png"],"fitUrl":["https://h5-static.helloyo.sg/live/helloyo/fisher-solo/resource/eui/eui_images/RadioButton/radiobutton_select_disabled.448f6d46.png"],"path":"/h5-static.helloyo.sg/live/helloyo/fisher-solo/resource/eui/eui_images/RadioButton/radiobutton_select_disabled.448f6d46.png","header":{"date":"Tue, 16 Dec 2025 08:15:06 GMT","last-modified":"Thu, 20 Nov 2025 08:07:41 GMT","server":"nginx","age":"302984","etag":"4he/21vLzhdJqtMa.png","content-type":"image/png","access-control-allow-origin":"*","cache-control":"max-age=31536000","x-b-ch":"12","accept-ranges":"bytes","content-length":"1687"},"md5":"725d226305491301ca8cce8aa68d08d6","encode":"utf-8","mime":"image/png"},{"url":["https://h5-static.helloyo.sg/live/helloyo/fisher-solo/resource/eui/eui_images/RadioButton/radiobutton_select_up.c418d1.png"],"fitUrl":["https://h5-static.helloyo.sg/live/helloyo/fisher-solo/resource/eui/eui_images/RadioButton/radiobutton_select_up.c418d1.png"],"path":"/h5-static.helloyo.sg/live/helloyo/fisher-solo/resource/eui/eui_images/RadioButton/radiobutton_select_up.c418d1.png","header":{"date":"Tue, 16 Dec 2025 08:15:07 GMT","last-modified":"Thu, 20 Nov 2025 08:07:41 GMT","server":"nginx","age":"302985","etag":"4he/01vLzhddlJHG.png","content-type":"image/png","access-control-allow-origin":"*","cache-control":"max-age=31536000","x-b-ch":"12","accept-ranges":"bytes","content-length":"1457"},"md5":"bf16aacfe9b30037835e1c6482eee507","encode":"utf-8","mime":"image/png"},{"url":["https://h5-static.helloyo.sg/live/helloyo/fisher-solo/resource/eui/eui_images/RadioButton/radiobutton_select_down.448f6d46.png"],"fitUrl":["https://h5-static.helloyo.sg/live/helloyo/fisher-solo/resource/eui/eui_images/RadioButton/radiobutton_select_down.448f6d46.png"],"path":"/h5-static.helloyo.sg/live/helloyo/fisher-solo/resource/eui/eui_images/RadioButton/radiobutton_select_down.448f6d46.png","header":{"date":"Tue, 16 Dec 2025 08:15:07 GMT","last-modified":"Thu, 20 Nov 2025 08:07:41 GMT","server":"nginx","age":"302985","etag":"4hd/21vLzhd1b9ZTm.png","content-type":"image/png","access-control-allow-origin":"*","cache-control":"max-age=31536000","x-b-ch":"12","accept-ranges":"bytes","content-length":"1687"},"md5":"725d226305491301ca8cce8aa68d08d6","encode":"utf-8","mime":"image/png"},{"url":["https://h5-static.helloyo.sg/live/helloyo/fisher-solo/resource/eui/eui_images/RadioButton/radiobutton_unselect.4c84f292.png"],"fitUrl":["https://h5-static.helloyo.sg/live/helloyo/fisher-solo/resource/eui/eui_images/RadioButton/radiobutton_unselect.4c84f292.png"],"path":"/h5-static.helloyo.sg/live/helloyo/fisher-solo/resource/eui/eui_images/RadioButton/radiobutton_unselect.4c84f292.png","header":{"date":"Tue, 16 Dec 2025 08:15:07 GMT","last-modified":"Thu, 20 Nov 2025 08:07:41 GMT","server":"nginx","age":"308641","etag":"4hd/21vLzhd6gEeYo.png","content-type":"image/png","access-control-allow-origin":"*","cache-control":"max-age=31536000","x-b-ch":"12","accept-ranges":"bytes","content-length":"1325"},"md5":"cd40270b37ab3a5248ea2c61f883934c","encode":"utf-8","mime":"image/png"},{"url":["https://h5-static.helloyo.sg/live/helloyo/fisher-solo/resource/eui/eui_images/ScrollBar/roundthumb.96d72eee.png"],"fitUrl":["https://h5-static.helloyo.sg/live/helloyo/fisher-solo/resource/eui/eui_images/ScrollBar/roundthumb.96d72eee.png"],"path":"/h5-static.helloyo.sg/live/helloyo/fisher-solo/resource/eui/eui_images/ScrollBar/roundthumb.96d72eee.png","header":{"date":"Tue, 16 Dec 2025 08:15:07 GMT","last-modified":"Thu, 20 Nov 2025 08:07:41 GMT","server":"nginx","age":"308641","etag":"4he/01vLzhdjrPN9.png","content-type":"image/png","access-control-allow-origin":"*","cache-control":"max-age=31536000","x-b-ch":"12","accept-ranges":"bytes","content-length":"179"},"md5":"d08767deb1f482fdd8209718f476a28f","encode":"utf-8","mime":"image/png"},{"url":["https://h5-static.helloyo.sg/live/helloyo/fisher-solo/resource/eui/eui_images/Slider/thumb.f4b9f372.png"],"fitUrl":["https://h5-static.helloyo.sg/live/helloyo/fisher-solo/resource/eui/eui_images/Slider/thumb.f4b9f372.png"],"path":"/h5-static.helloyo.sg/live/helloyo/fisher-solo/resource/eui/eui_images/Slider/thumb.f4b9f372.png","header":{"date":"Tue, 16 Dec 2025 08:15:07 GMT","last-modified":"Thu, 20 Nov 2025 08:07:40 GMT","server":"nginx","age":"307925","etag":"4he/21vLzhcKruNV.png","content-type":"image/png","access-control-allow-origin":"*","cache-control":"max-age=31536000","x-b-ch":"12","accept-ranges":"bytes","content-length":"1258"},"md5":"ac46ad4174244342194e74667d57cf1d","encode":"utf-8","mime":"image/png"},{"url":["https://h5-static.helloyo.sg/live/helloyo/fisher-solo/resource/eui/eui_images/Slider/tracklight.107aaf55.png"],"fitUrl":["https://h5-static.helloyo.sg/live/helloyo/fisher-solo/resource/eui/eui_images/Slider/tracklight.107aaf55.png"],"path":"/h5-static.helloyo.sg/live/helloyo/fisher-solo/resource/eui/eui_images/Slider/tracklight.107aaf55.png","header":{"date":"Tue, 16 Dec 2025 08:15:07 GMT","last-modified":"Thu, 20 Nov 2025 08:07:40 GMT","server":"nginx","age":"302985","etag":"4he/01vLzhcYgEBx.png","content-type":"image/png","access-control-allow-origin":"*","cache-control":"max-age=31536000","x-b-ch":"12","accept-ranges":"bytes","content-length":"933"},"md5":"5f550ff68f1240501f035fdc0eda0843","encode":"utf-8","mime":"image/png"},{"url":["https://h5-static.helloyo.sg/live/helloyo/fisher-solo/resource/eui/eui_images/Slider/track.7b628b88.png"],"fitUrl":["https://h5-static.helloyo.sg/live/helloyo/fisher-solo/resource/eui/eui_images/Slider/track.7b628b88.png"],"path":"/h5-static.helloyo.sg/live/helloyo/fisher-solo/resource/eui/eui_images/Slider/track.7b628b88.png","header":{"date":"Tue, 16 Dec 2025 08:15:07 GMT","last-modified":"Thu, 20 Nov 2025 08:07:41 GMT","server":"nginx","age":"307925","etag":"4he/01vLzhdowUS5.png","content-type":"image/png","access-control-allow-origin":"*","cache-control":"max-age=31536000","x-b-ch":"12","accept-ranges":"bytes","content-length":"933"},"md5":"541048214115efe2a7a2750cde6b4e54","encode":"utf-8","mime":"image/png"},{"url":["https://h5-static.helloyo.sg/live/helloyo/fisher-solo/resource/eui/eui_images/ToggleSwitch/handle.8f6f2e1f.png"],"fitUrl":["https://h5-static.helloyo.sg/live/helloyo/fisher-solo/resource/eui/eui_images/ToggleSwitch/handle.8f6f2e1f.png"],"path":"/h5-static.helloyo.sg/live/helloyo/fisher-solo/resource/eui/eui_images/ToggleSwitch/handle.8f6f2e1f.png","header":{"date":"Tue, 16 Dec 2025 08:15:07 GMT","last-modified":"Thu, 20 Nov 2025 08:07:41 GMT","server":"nginx","age":"302985","etag":"4he/21vLzhdOvyRc.png","content-type":"image/png","access-control-allow-origin":"*","cache-control":"max-age=31536000","x-b-ch":"12","accept-ranges":"bytes","content-length":"1153"},"md5":"1b0a0f006c66a7264ab62a897076bd12","encode":"utf-8","mime":"image/png"},{"url":["https://h5-static.helloyo.sg/live/helloyo/fisher-solo/resource/eui/eui_images/ToggleSwitch/off.4ad557a.png"],"fitUrl":["https://h5-static.helloyo.sg/live/helloyo/fisher-solo/resource/eui/eui_images/ToggleSwitch/off.4ad557a.png"],"path":"/h5-static.helloyo.sg/live/helloyo/fisher-solo/resource/eui/eui_images/ToggleSwitch/off.4ad557a.png","header":{"date":"Tue, 16 Dec 2025 08:15:07 GMT","last-modified":"Thu, 20 Nov 2025 08:07:41 GMT","server":"nginx","age":"308640","etag":"4he/01vLzhdRZ75A.png","content-type":"image/png","access-control-allow-origin":"*","cache-control":"max-age=31536000","x-b-ch":"12","accept-ranges":"bytes","content-length":"1274"},"md5":"808df10161bd36abd6600f16e131aca3","encode":"utf-8","mime":"image/png"},{"url":["https://h5-static.helloyo.sg/live/helloyo/fisher-solo/resource/eui/eui_images/Button/button_confirm.df92a63.png"],"fitUrl":["https://h5-static.helloyo.sg/live/helloyo/fisher-solo/resource/eui/eui_images/Button/button_confirm.df92a63.png"],"path":"/h5-static.helloyo.sg/live/helloyo/fisher-solo/resource/eui/eui_images/Button/button_confirm.df92a63.png","header":{"date":"Tue, 16 Dec 2025 08:15:07 GMT","last-modified":"Thu, 20 Nov 2025 08:07:41 GMT","server":"nginx","age":"307925","etag":"4hd/21vLzhdW6e4yr.png","content-type":"image/png","access-control-allow-origin":"*","cache-control":"max-age=31536000","x-b-ch":"12","accept-ranges":"bytes","content-length":"7926"},"md5":"7c78041411677ef0cd6e41e2c3f2a254","encode":"utf-8","mime":"image/png"},{"url":["https://h5-static.helloyo.sg/live/helloyo/fisher-solo/resource/eui/eui_images/ToggleSwitch/on.1b58b76e.png"],"fitUrl":["https://h5-static.helloyo.sg/live/helloyo/fisher-solo/resource/eui/eui_images/ToggleSwitch/on.1b58b76e.png"],"path":"/h5-static.helloyo.sg/live/helloyo/fisher-solo/resource/eui/eui_images/ToggleSwitch/on.1b58b76e.png","header":{"date":"Tue, 16 Dec 2025 08:15:07 GMT","last-modified":"Thu, 20 Nov 2025 08:07:41 GMT","server":"nginx","age":"307925","etag":"4he/21vLzhdSz2Vd.png","content-type":"image/png","access-control-allow-origin":"*","cache-control":"max-age=31536000","x-b-ch":"12","accept-ranges":"bytes","content-length":"1275"},"md5":"1dccf23d316f65d77c6497d3de987b1d","encode":"utf-8","mime":"image/png"},{"url":["https://h5-static.helloyo.sg/live/helloyo/fisher-solo/resource/eui/eui_images/Button/button_cancel.8971167.png"],"fitUrl":["https://h5-static.helloyo.sg/live/helloyo/fisher-solo/resource/eui/eui_images/Button/button_cancel.8971167.png"],"path":"/h5-static.helloyo.sg/live/helloyo/fisher-solo/resource/eui/eui_images/Button/button_cancel.8971167.png","header":{"date":"Tue, 16 Dec 2025 08:15:07 GMT","last-modified":"Thu, 20 Nov 2025 08:07:41 GMT","server":"nginx","age":"302985","etag":"4he/01vLzhdYgECB.png","content-type":"image/png","access-control-allow-origin":"*","cache-control":"max-age=31536000","x-b-ch":"12","accept-ranges":"bytes","content-length":"7007"},"md5":"e9d03a6c7d43726501bb5f0862425bee","encode":"utf-8","mime":"image/png"},{"url":["https://h5-static.helloyo.sg/live/helloyo/fisher-solo/resource/eui/eui_images/ProgressBar/thumb_pb.7db5c80a.png"],"fitUrl":["https://h5-static.helloyo.sg/live/helloyo/fisher-solo/resource/eui/eui_images/ProgressBar/thumb_pb.7db5c80a.png"],"path":"/h5-static.helloyo.sg/live/helloyo/fisher-solo/resource/eui/eui_images/ProgressBar/thumb_pb.7db5c80a.png","header":{"date":"Tue, 16 Dec 2025 08:15:07 GMT","last-modified":"Thu, 20 Nov 2025 08:07:41 GMT","server":"nginx","age":"302985","etag":"4hd/21vLzhdGqOoil.png","content-type":"image/png","access-control-allow-origin":"*","cache-control":"max-age=31536000","x-b-ch":"12","accept-ranges":"bytes","content-length":"976"},"md5":"903295905d99cabc4c2b679959d55373","encode":"utf-8","mime":"image/png"},{"url":["https://h5-static.helloyo.sg/live/helloyo/fisher-solo/resource/eui/eui_images/ProgressBar/track_pb.e6a77c12.png"],"fitUrl":["https://h5-static.helloyo.sg/live/helloyo/fisher-solo/resource/eui/eui_images/ProgressBar/track_pb.e6a77c12.png"],"path":"/h5-static.helloyo.sg/live/helloyo/fisher-solo/resource/eui/eui_images/ProgressBar/track_pb.e6a77c12.png","header":{"date":"Tue, 16 Dec 2025 08:15:07 GMT","last-modified":"Thu, 20 Nov 2025 08:07:41 GMT","server":"nginx","age":"14368","etag":"4he/21vLzhdRy1UY.png","content-type":"image/png","access-control-allow-origin":"*","cache-control":"max-age=31536000","x-b-ch":"12","accept-ranges":"bytes","content-length":"970"},"md5":"60e6154d678d5e516dfe3f84b47dd894","encode":"utf-8","mime":"image/png"},{"url":["https://h5-static.helloyo.sg/live/helloyo/fisher-solo/resource/eui/eui_images/ScrollBar/track_sb.7b628b88.png"],"fitUrl":["https://h5-static.helloyo.sg/live/helloyo/fisher-solo/resource/eui/eui_images/ScrollBar/track_sb.7b628b88.png"],"path":"/h5-static.helloyo.sg/live/helloyo/fisher-solo/resource/eui/eui_images/ScrollBar/track_sb.7b628b88.png","header":{"date":"Tue, 16 Dec 2025 08:15:07 GMT","last-modified":"Thu, 20 Nov 2025 08:07:41 GMT","server":"nginx","age":"302985","etag":"4hd/21vLzhduU2SMs.png","content-type":"image/png","access-control-allow-origin":"*","cache-control":"max-age=31536000","x-b-ch":"12","accept-ranges":"bytes","content-length":"933"},"md5":"541048214115efe2a7a2750cde6b4e54","encode":"utf-8","mime":"image/png"},{"url":["https://h5-static.helloyo.sg/live/helloyo/fisher-solo/resource/assets/loading/loading.15e8d06d.png"],"fitUrl":["https://h5-static.helloyo.sg/live/helloyo/fisher-solo/resource/assets/loading/loading.15e8d06d.png"],"path":"/h5-static.helloyo.sg/live/helloyo/fisher-solo/resource/assets/loading/loading.15e8d06d.png","header":{"date":"Tue, 16 Dec 2025 08:15:08 GMT","last-modified":"Thu, 20 Nov 2025 08:07:31 GMT","server":"nginx","age":"302986","etag":"4hd/21vLzhT5fDdWK.png","content-type":"image/png","access-control-allow-origin":"*","cache-control":"max-age=31536000","x-b-ch":"12","accept-ranges":"bytes","content-length":"9684"},"md5":"cd39fb688d037fd9913840fe4285446c","encode":"utf-8","mime":"image/png"},{"url":["https://h5-static.helloyo.sg/live/helloyo/fisher-solo/domStatic/js/preview.42586441.js"],"fitUrl":["https://h5-static.helloyo.sg/live/helloyo/fisher-solo/domStatic/js/preview.42586441.js"],"path":"/h5-static.helloyo.sg/live/helloyo/fisher-solo/domStatic/js/preview.42586441.js","header":{"server":"openresty","date":"Tue, 16 Dec 2025 08:15:16 GMT","content-type":"application/javascript; charset=utf-8","content-length":"6974","connection":"close","accept-ranges":"bytes","last-modified":"Thu, 20 Nov 2025 08:07:43 GMT","etag":"4he/21vLzhfRy1Uw.js","cache-control":"max-age=31536000","access-control-allow-origin":"*","vary":"Accept-Encoding","age":"0","x-b-ch":"0"},"md5":"675be5f9610c97d73e4f0b202e3d2fe3","encode":"utf-8","mime":"text/javascript"},{"url":["https://h5-static.helloyo.sg/live/helloyo/fisher-solo/domStatic/js/svga.1a85c30e.js"],"fitUrl":["https://h5-static.helloyo.sg/live/helloyo/fisher-solo/domStatic/js/svga.1a85c30e.js"],"path":"/h5-static.helloyo.sg/live/helloyo/fisher-solo/domStatic/js/svga.1a85c30e.js","header":{"server":"openresty","date":"Tue, 16 Dec 2025 08:15:16 GMT","content-type":"application/javascript; charset=utf-8","content-length":"284013","connection":"close","accept-ranges":"bytes","last-modified":"Thu, 20 Nov 2025 08:07:43 GMT","etag":"4hd/21vLzhfLvTtoG.js","cache-control":"max-age=31536000","access-control-allow-origin":"*","vary":"Accept-Encoding","age":"0","x-b-ch":"0"},"md5":"c40aed023fc55c78abe69d263c2451d8","encode":"utf-8","mime":"text/javascript"},{"url":["https://h5-static.helloyo.sg/live/helloyo/fisher-solo/domStatic/css/preview.c56d97ad.css"],"fitUrl":["https://h5-static.helloyo.sg/live/helloyo/fisher-solo/domStatic/css/preview.c56d97ad.css"],"path":"/h5-static.helloyo.sg/live/helloyo/fisher-solo/domStatic/css/preview.c56d97ad.css","header":{"server":"openresty","date":"Tue, 16 Dec 2025 08:15:16 GMT","content-type":"text/css","content-length":"140","connection":"close","accept-ranges":"bytes","last-modified":"Thu, 20 Nov 2025 08:07:43 GMT","etag":"4hd/21vLzhfuU2SNI.css","cache-control":"max-age=31536000","access-control-allow-origin":"*","vary":"Accept-Encoding","age":"0","x-b-ch":"0"},"md5":"991628de610c53e4ab36df14b76590a7","encode":"utf-8","mime":"text/css"},{"url":["https://h5-static.helloyo.sg/live/helloyo/fisher-solo/domStatic/img/fish-11.0c91a80e.png"],"fitUrl":["https://h5-static.helloyo.sg/live/helloyo/fisher-solo/domStatic/img/fish-11.0c91a80e.png"],"path":"/h5-static.helloyo.sg/live/helloyo/fisher-solo/domStatic/img/fish-11.0c91a80e.png","header":{"server":"openresty","date":"Tue, 16 Dec 2025 08:15:16 GMT","content-type":"image/png","content-length":"4916","connection":"close","accept-ranges":"bytes","last-modified":"Thu, 20 Nov 2025 08:07:43 GMT","etag":"4he/21vLzhfJqtMy.png","cache-control":"max-age=31536000","access-control-allow-origin":"*","age":"9585","x-b-ch":"11"},"md5":"0c91a80e761a54b191fb66dc1acb5243","encode":"utf-8","mime":"image/png"},{"url":["https://h5-static.helloyo.sg/live/helloyo/fisher-solo/domStatic/img/fish-4.fd065309.png"],"fitUrl":["https://h5-static.helloyo.sg/live/helloyo/fisher-solo/domStatic/img/fish-4.fd065309.png"],"path":"/h5-static.helloyo.sg/live/helloyo/fisher-solo/domStatic/img/fish-4.fd065309.png","header":{"server":"openresty","date":"Tue, 16 Dec 2025 08:15:16 GMT","content-type":"image/png","content-length":"5245","connection":"close","accept-ranges":"bytes","last-modified":"Thu, 20 Nov 2025 08:07:43 GMT","etag":"4he/01vLzhfSa86R.png","cache-control":"max-age=31536000","access-control-allow-origin":"*","age":"308576","x-b-ch":"11"},"md5":"fd065309b1b6b7622e2c68ff2bfe44f0","encode":"utf-8","mime":"image/png"},{"url":["https://h5-static.helloyo.sg/live/helloyo/fisher-solo/domStatic/img/fish-5.6601e0b5.png"],"fitUrl":["https://h5-static.helloyo.sg/live/helloyo/fisher-solo/domStatic/img/fish-5.6601e0b5.png"],"path":"/h5-static.helloyo.sg/live/helloyo/fisher-solo/domStatic/img/fish-5.6601e0b5.png","header":{"server":"openresty","date":"Tue, 16 Dec 2025 08:15:16 GMT","content-type":"image/png","content-length":"4913","connection":"close","accept-ranges":"bytes","last-modified":"Thu, 20 Nov 2025 08:07:43 GMT","etag":"4he/01vLzhfdlJHS.png","cache-control":"max-age=31536000","access-control-allow-origin":"*","age":"308576","x-b-ch":"12"},"md5":"6601e0b5b6055f6369185aae1a88bfe1","encode":"utf-8","mime":"image/png"},{"url":["https://h5-static.helloyo.sg/live/helloyo/fisher-solo/domStatic/img/fish-3.e5342da6.png"],"fitUrl":["https://h5-static.helloyo.sg/live/helloyo/fisher-solo/domStatic/img/fish-3.e5342da6.png"],"path":"/h5-static.helloyo.sg/live/helloyo/fisher-solo/domStatic/img/fish-3.e5342da6.png","header":{"server":"openresty","date":"Tue, 16 Dec 2025 08:15:16 GMT","content-type":"image/png","content-length":"4762","connection":"close","accept-ranges":"bytes","last-modified":"Thu, 20 Nov 2025 08:07:43 GMT","etag":"4he/21vLzhfMtwPz.png","cache-control":"max-age=31536000","access-control-allow-origin":"*","age":"308576","x-b-ch":"11"},"md5":"e5342da60138ee508df299ace4504bfe","encode":"utf-8","mime":"image/png"},{"url":["https://h5-static.helloyo.sg/live/helloyo/fisher-solo/domStatic/img/icon-freezen.bdd37156.png"],"fitUrl":["https://h5-static.helloyo.sg/live/helloyo/fisher-solo/domStatic/img/icon-freezen.bdd37156.png"],"path":"/h5-static.helloyo.sg/live/helloyo/fisher-solo/domStatic/img/icon-freezen.bdd37156.png","header":{"server":"openresty","date":"Tue, 16 Dec 2025 08:15:16 GMT","content-type":"image/png","content-length":"4424","connection":"close","accept-ranges":"bytes","last-modified":"Thu, 20 Nov 2025 08:07:42 GMT","etag":"4he/01vLzheRZ75M.png","cache-control":"max-age=31536000","access-control-allow-origin":"*","age":"0","x-b-ch":"0"},"md5":"bdd3715655e43d29004621327367b3e1","encode":"utf-8","mime":"image/png"},{"url":["https://h5-static.helloyo.sg/live/helloyo/fisher-solo/domStatic/img/icon-aim.f819d4aa.png"],"fitUrl":["https://h5-static.helloyo.sg/live/helloyo/fisher-solo/domStatic/img/icon-aim.f819d4aa.png"],"path":"/h5-static.helloyo.sg/live/helloyo/fisher-solo/domStatic/img/icon-aim.f819d4aa.png","header":{"server":"openresty","date":"Tue, 16 Dec 2025 08:15:16 GMT","content-type":"image/png","content-length":"4510","connection":"close","accept-ranges":"bytes","last-modified":"Thu, 20 Nov 2025 08:07:42 GMT","etag":"4he/01vLzhejrPNL.png","cache-control":"max-age=31536000","access-control-allow-origin":"*","age":"0","x-b-ch":"0"},"md5":"f819d4aa047f7fbc833c28291815465a","encode":"utf-8","mime":"image/png"},{"url":["https://h5-static.helloyo.sg/live/helloyo/fisher-solo/domStatic/img/fish-7.54be0b2d.png"],"fitUrl":["https://h5-static.helloyo.sg/live/helloyo/fisher-solo/domStatic/img/fish-7.54be0b2d.png"],"path":"/h5-static.helloyo.sg/live/helloyo/fisher-solo/domStatic/img/fish-7.54be0b2d.png","header":{"server":"openresty","date":"Tue, 16 Dec 2025 08:15:16 GMT","content-type":"image/png","content-length":"4603","connection":"close","accept-ranges":"bytes","last-modified":"Thu, 20 Nov 2025 08:07:43 GMT","etag":"4hd/21vLzhf6gEeZE.png","cache-control":"max-age=31536000","access-control-allow-origin":"*","age":"0","x-b-ch":"0"},"md5":"54be0b2d52feba55e5546e6ba913b31b","encode":"utf-8","mime":"image/png"},{"url":["https://h5-static.helloyo.sg/live/helloyo/fisher-solo/domStatic/img/icon-call.40033f2f.png"],"fitUrl":["https://h5-static.helloyo.sg/live/helloyo/fisher-solo/domStatic/img/icon-call.40033f2f.png"],"path":"/h5-static.helloyo.sg/live/helloyo/fisher-solo/domStatic/img/icon-call.40033f2f.png","header":{"server":"openresty","date":"Tue, 16 Dec 2025 08:15:16 GMT","content-type":"image/png","content-length":"4609","connection":"close","accept-ranges":"bytes","last-modified":"Thu, 20 Nov 2025 08:07:42 GMT","etag":"4he/21vLzheMtwPn.png","cache-control":"max-age=31536000","access-control-allow-origin":"*","age":"0","x-b-ch":"0"},"md5":"40033f2f26432d86526fd76edefd2372","encode":"utf-8","mime":"image/png"},{"url":["https://h5-static.helloyo.sg/live/helloyo/fisher-solo/domStatic/img/icon-close.74aea2d9.png"],"fitUrl":["https://h5-static.helloyo.sg/live/helloyo/fisher-solo/domStatic/img/icon-close.74aea2d9.png"],"path":"/h5-static.helloyo.sg/live/helloyo/fisher-solo/domStatic/img/icon-close.74aea2d9.png","header":{"server":"openresty","date":"Tue, 16 Dec 2025 08:15:16 GMT","content-type":"image/png","content-length":"4230","connection":"close","accept-ranges":"bytes","last-modified":"Thu, 20 Nov 2025 08:07:43 GMT","etag":"4he/21vLzhfjGJmv.png","cache-control":"max-age=31536000","access-control-allow-origin":"*","age":"0","x-b-ch":"0"},"md5":"74aea2d9dc0347564acaa19b85d79320","encode":"utf-8","mime":"image/png"},{"url":["https://h5-static.helloyo.sg/live/helloyo/fisher-solo/domStatic/img/fish-6.2ff79b69.png"],"fitUrl":["https://h5-static.helloyo.sg/live/helloyo/fisher-solo/domStatic/img/fish-6.2ff79b69.png"],"path":"/h5-static.helloyo.sg/live/helloyo/fisher-solo/domStatic/img/fish-6.2ff79b69.png","header":{"server":"openresty","date":"Tue, 16 Dec 2025 08:15:16 GMT","content-type":"image/png","content-length":"5453","connection":"close","accept-ranges":"bytes","last-modified":"Thu, 20 Nov 2025 08:07:42 GMT","etag":"4he/21vLzhedADgq.png","cache-control":"max-age=31536000","access-control-allow-origin":"*","age":"0","x-b-ch":"0"},"md5":"2ff79b6946c00859a76f7a5755541107","encode":"utf-8","mime":"image/png"}]}
