{"resources":[{"url":["https://h5-static.helloyo.sg/live/helloyo/app-common/flexible.min.js"],"fitUrl":["https://h5-static.helloyo.sg/live/helloyo/app-common/flexible.min.js"],"path":"/h5-static.helloyo.sg/live/helloyo/app-common/flexible.min.js","header":{"date":"Thu, 18 Jul 2024 08:30:02 GMT","content-encoding":"br","last-modified":"Tue, 04 Jan 2022 08:16:13 GMT","server":"nginx","age":"488428","etag":"\"61d4024d-8c2-df\"","vary":"Accept-Encoding","content-type":"application/javascript; charset=utf-8","access-control-allow-origin":"*","cache-control":"max-age=31536000","x-b-ch":"12","accept-ranges":"bytes","content-length":"957","expires":"Sat, 12 Jul 2025 16:49:34 GMT"},"md5":"721c1c11c765741d42ac2c4c1d3c0feb","encode":"utf-8","mime":"text/javascript"},{"url":["https://h5-static.helloyo.sg/live/helloyo/fisher-solo/domStatic/css/index.5e8b48ae.css"],"fitUrl":["https://h5-static.helloyo.sg/live/helloyo/fisher-solo/domStatic/css/index.5e8b48ae.css"],"path":"/h5-static.helloyo.sg/live/helloyo/fisher-solo/domStatic/css/index.5e8b48ae.css","header":{"date":"Thu, 18 Jul 2024 08:30:02 GMT","content-encoding":"br","last-modified":"Mon, 03 Jun 2024 02:38:30 GMT","server":"nginx","age":"634741","etag":"\"665d2ca6-8a23-df\"","vary":"Accept-Encoding","content-type":"text/css","access-control-allow-origin":"*","cache-control":"max-age=31536000","x-b-ch":"12","accept-ranges":"bytes","content-length":"14085","expires":"Fri, 11 Jul 2025 00:11:01 GMT"},"md5":"b4e1fcc363177e02827f2334010a5095","encode":"utf-8","mime":"text/css"},{"url":["https://h5-static.helloyo.sg/live/helloyo/app-common/assets-load-monitor/2.5.6/assets-load-monitor-init.min.js"],"fitUrl":["https://h5-static.helloyo.sg/live/helloyo/app-common/assets-load-monitor/2.5.6/assets-load-monitor-init.min.js"],"path":"/h5-static.helloyo.sg/live/helloyo/app-common/assets-load-monitor/2.5.6/assets-load-monitor-init.min.js","header":{"date":"Thu, 18 Jul 2024 08:30:02 GMT","content-encoding":"br","last-modified":"Mon, 10 Jan 2022 06:55:54 GMT","server":"nginx","age":"401670","etag":"\"61dbd87a-dae2-df\"","vary":"Accept-Encoding","content-type":"application/javascript; charset=utf-8","access-control-allow-origin":"*","cache-control":"max-age=31536000","x-b-ch":"12","accept-ranges":"bytes","content-length":"19659","expires":"Sun, 13 Jul 2025 16:55:32 GMT"},"md5":"09736d0ac247de6cd8a6a691b6b781a0","encode":"utf-8","mime":"text/javascript"},{"url":["https://h5-static.helloyo.sg/live/helloyo/app-common/nativeapi/2.1.3/nativeApi.helloyo.min.js"],"fitUrl":["https://h5-static.helloyo.sg/live/helloyo/app-common/nativeapi/2.1.3/nativeApi.helloyo.min.js"],"path":"/h5-static.helloyo.sg/live/helloyo/app-common/nativeapi/2.1.3/nativeApi.helloyo.min.js","header":{"date":"Thu, 18 Jul 2024 08:30:02 GMT","content-encoding":"br","last-modified":"Thu, 28 Mar 2024 06:21:34 GMT","server":"nginx","age":"722128","etag":"\"66050c6e-e530-df\"","vary":"Accept-Encoding","content-type":"application/javascript; charset=utf-8","access-control-allow-origin":"*","cache-control":"max-age=31536000","x-b-ch":"12","accept-ranges":"bytes","content-length":"21011","expires":"Wed, 09 Jul 2025 23:54:34 GMT"},"md5":"65668c05ade1afe5b6ba81c183a287ca","encode":"utf-8","mime":"text/javascript"},{"url":["https://h5-static.helloyo.sg/live/helloyo/app-common/mark/1.0.0/hello.fun.min.js"],"fitUrl":["https://h5-static.helloyo.sg/live/helloyo/app-common/mark/1.0.0/hello.fun.min.js"],"path":"/h5-static.helloyo.sg/live/helloyo/app-common/mark/1.0.0/hello.fun.min.js","header":{"date":"Thu, 18 Jul 2024 08:30:02 GMT","last-modified":"Mon, 10 Jan 2022 06:55:54 GMT","server":"nginx","age":"228164","etag":"\"61dbd87a-1f4\"","vary":"Accept-Encoding","content-type":"application/javascript; charset=utf-8","access-control-allow-origin":"*","cache-control":"max-age=31536000","x-b-ch":"12","accept-ranges":"bytes","content-length":"500","expires":"Tue, 15 Jul 2025 17:07:18 GMT"},"md5":"aabe7cf0a014268183638868405879ba","encode":"utf-8","mime":"text/javascript"},{"url":["https://h5-static.helloyo.sg/live/helloyo/fisher-solo/domStatic/js/chunk-common.cf8d9ae3.js"],"fitUrl":["https://h5-static.helloyo.sg/live/helloyo/fisher-solo/domStatic/js/chunk-common.cf8d9ae3.js"],"path":"/h5-static.helloyo.sg/live/helloyo/fisher-solo/domStatic/js/chunk-common.cf8d9ae3.js","header":{"date":"Thu, 18 Jul 2024 08:30:02 GMT","content-encoding":"br","last-modified":"Thu, 20 Jun 2024 02:25:47 GMT","server":"nginx","age":"667188","etag":"\"6673932b-202b-df\"","vary":"Accept-Encoding","content-type":"application/javascript; charset=utf-8","access-control-allow-origin":"*","cache-control":"max-age=31536000","x-b-ch":"12","accept-ranges":"bytes","content-length":"3152","expires":"Thu, 10 Jul 2025 15:10:14 GMT"},"md5":"8715974d8ff9749955d5f687ac7eff81","encode":"utf-8","mime":"text/javascript"},{"url":["https://h5-static.helloyo.sg/live/helloyo/app-common/bigo-logger.js.html"],"fitUrl":["https://h5-static.helloyo.sg/live/helloyo/app-common/bigo-logger.js.html"],"path":"/h5-static.helloyo.sg/live/helloyo/app-common/bigo-logger.js.html","header":{"date":"Thu, 18 Jul 2024 08:30:02 GMT","content-encoding":"br","server":"nginx","age":"17","vary":"Accept-Encoding","content-type":"text/html; charset=utf-8","access-control-allow-origin":"*","cache-control":"max-age=60","x-b-ch":"12","content-length":"18215","expires":"Thu, 18 Jul 2024 08:30:45 GMT"},"md5":"abbf1b1baf9dae225ed3526d4c1c70bd","encode":"utf-8","mime":"text/html"},{"url":["https://h5-static.helloyo.sg/live/helloyo/fisher-solo/domStatic/js/index.8f17e276.js"],"fitUrl":["https://h5-static.helloyo.sg/live/helloyo/fisher-solo/domStatic/js/index.8f17e276.js"],"path":"/h5-static.helloyo.sg/live/helloyo/fisher-solo/domStatic/js/index.8f17e276.js","header":{"date":"Thu, 18 Jul 2024 08:30:02 GMT","content-encoding":"br","last-modified":"Thu, 18 Jul 2024 07:54:02 GMT","server":"nginx","age":"2136","etag":"\"6698ca1a-f269-df\"","vary":"Accept-Encoding","content-type":"application/javascript; charset=utf-8","access-control-allow-origin":"*","cache-control":"max-age=31536000","x-b-ch":"12","accept-ranges":"bytes","content-length":"20531","expires":"Fri, 18 Jul 2025 07:54:26 GMT"},"md5":"d7f99bbe9369bd67cbd61f4803a70043","encode":"utf-8","mime":"text/javascript"},{"url":["https://h5-static.helloyo.sg/live/helloyo/app-common/common_vendor.min.js"],"fitUrl":["https://h5-static.helloyo.sg/live/helloyo/app-common/common_vendor.min.js"],"path":"/h5-static.helloyo.sg/live/helloyo/app-common/common_vendor.min.js","header":{"date":"Thu, 18 Jul 2024 08:30:02 GMT","content-encoding":"br","last-modified":"Tue, 04 Jan 2022 08:16:13 GMT","server":"nginx","age":"669935","etag":"\"61d4024d-30af6-df\"","vary":"Accept-Encoding","content-type":"application/javascript; charset=utf-8","access-control-allow-origin":"*","cache-control":"max-age=31536000","x-b-ch":"12","accept-ranges":"bytes","content-length":"59464","expires":"Thu, 10 Jul 2025 14:24:27 GMT"},"md5":"197b75dae990373ef764b0fc6483c9c8","encode":"utf-8","mime":"text/javascript"},{"url":["https://h5-static.helloyo.sg/live/helloyo/fisher-solo/resource/assets/loading/loading-init.png"],"fitUrl":["https://h5-static.helloyo.sg/live/helloyo/fisher-solo/resource/assets/loading/loading-init.png"],"path":"/h5-static.helloyo.sg/live/helloyo/fisher-solo/resource/assets/loading/loading-init.png","header":{"date":"Thu, 18 Jul 2024 08:30:02 GMT","last-modified":"Tue, 18 Jun 2024 03:14:43 GMT","server":"nginx","age":"619901","etag":"\"6670fba3-226e\"","vary":"Accept-Encoding","content-type":"image/png","access-control-allow-origin":"*","cache-control":"max-age=31536000","x-b-ch":"12","accept-ranges":"bytes","content-length":"8814","expires":"Fri, 11 Jul 2025 04:18:21 GMT"},"md5":"159b12c663dd5c69603c88efdfce5abb","encode":"utf-8","mime":"image/png"},{"url":["https://h5-static.helloyo.sg/live/helloyo/fisher-solo/resource/assets/loading/icon-loading.png"],"fitUrl":["https://h5-static.helloyo.sg/live/helloyo/fisher-solo/resource/assets/loading/icon-loading.png"],"path":"/h5-static.helloyo.sg/live/helloyo/fisher-solo/resource/assets/loading/icon-loading.png","header":{"date":"Thu, 18 Jul 2024 08:30:02 GMT","last-modified":"Tue, 18 Jun 2024 03:14:43 GMT","server":"nginx","age":"315249","etag":"\"6670fba3-1a43\"","vary":"Accept-Encoding","content-type":"image/png","access-control-allow-origin":"*","cache-control":"max-age=31536000","x-b-ch":"12","accept-ranges":"bytes","content-length":"6723","expires":"Mon, 14 Jul 2025 16:55:53 GMT"},"md5":"894f76dbb032d51eae1ccbad58d8bea2","encode":"utf-8","mime":"image/png"},{"url":["https://h5-static.helloyo.sg/live/helloyo/fisher-solo/resource/assets/loading/bg-banner.png"],"fitUrl":["https://h5-static.helloyo.sg/live/helloyo/fisher-solo/resource/assets/loading/bg-banner.png"],"path":"/h5-static.helloyo.sg/live/helloyo/fisher-solo/resource/assets/loading/bg-banner.png","header":{"date":"Thu, 18 Jul 2024 08:30:02 GMT","last-modified":"Mon, 20 May 2024 04:21:42 GMT","server":"nginx","age":"307323","etag":"\"664acfd6-de3d\"","vary":"Accept-Encoding","content-type":"image/png","access-control-allow-origin":"*","cache-control":"max-age=31536000","x-b-ch":"12","accept-ranges":"bytes","content-length":"56893","expires":"Mon, 14 Jul 2025 19:07:59 GMT"},"md5":"a46d87b0f9720439cdfa0e25cefe7cdd","encode":"utf-8","mime":"image/png"},{"url":["https://h5-static.helloyo.sg/live/helloyo/fisher-solo/domStatic/js/chunk-vendors.0551cad0.js"],"fitUrl":["https://h5-static.helloyo.sg/live/helloyo/fisher-solo/domStatic/js/chunk-vendors.0551cad0.js"],"path":"/h5-static.helloyo.sg/live/helloyo/fisher-solo/domStatic/js/chunk-vendors.0551cad0.js","header":{"date":"Thu, 18 Jul 2024 08:30:02 GMT","content-encoding":"br","last-modified":"Mon, 03 Jun 2024 02:38:30 GMT","server":"nginx","age":"355696","etag":"\"665d2ca6-36c2d-df\"","vary":"Accept-Encoding","content-type":"application/javascript; charset=utf-8","access-control-allow-origin":"*","cache-control":"max-age=31536000","x-b-ch":"12","accept-ranges":"bytes","content-length":"70496","expires":"Mon, 14 Jul 2025 05:41:46 GMT"},"md5":"73f0d7e124f312528f39c03be4060f9c","encode":"utf-8","mime":"text/javascript"},{"url":["https://h5-static.helloyo.sg/live/helloyo/fisher-solo/js/egret.min_fec4eabd.js"],"fitUrl":["https://h5-static.helloyo.sg/live/helloyo/fisher-solo/js/egret.min_fec4eabd.js"],"path":"/h5-static.helloyo.sg/live/helloyo/fisher-solo/js/egret.min_fec4eabd.js","header":{"date":"Thu, 18 Jul 2024 08:30:02 GMT","content-encoding":"br","last-modified":"Mon, 20 May 2024 04:21:42 GMT","server":"nginx","age":"653678","etag":"\"664acfd6-312d0-df\"","vary":"Accept-Encoding","content-type":"application/javascript; charset=utf-8","access-control-allow-origin":"*","cache-control":"max-age=31536000","x-b-ch":"12","accept-ranges":"bytes","content-length":"47850","expires":"Thu, 10 Jul 2025 18:55:24 GMT"},"md5":"ea8f4178443c2004903a979ae48a4391","encode":"utf-8","mime":"text/javascript"},{"url":["https://h5-static.helloyo.sg/live/helloyo/fisher-solo/js/egret.web.min_f1ae965b.js"],"fitUrl":["https://h5-static.helloyo.sg/live/helloyo/fisher-solo/js/egret.web.min_f1ae965b.js"],"path":"/h5-static.helloyo.sg/live/helloyo/fisher-solo/js/egret.web.min_f1ae965b.js","header":{"date":"Thu, 18 Jul 2024 08:30:02 GMT","content-encoding":"br","last-modified":"Mon, 20 May 2024 04:21:42 GMT","server":"nginx","age":"422711","etag":"\"664acfd6-210d4-df\"","vary":"Accept-Encoding","content-type":"application/javascript; charset=utf-8","access-control-allow-origin":"*","cache-control":"max-age=31536000","x-b-ch":"12","accept-ranges":"bytes","content-length":"32874","expires":"Sun, 13 Jul 2025 11:04:51 GMT"},"md5":"121b11ef480e463f92caa9c07b9a8332","encode":"utf-8","mime":"text/javascript"},{"url":["https://h5-static.helloyo.sg/live/helloyo/fisher-solo/js/tween.min_6c5a88f9.js"],"fitUrl":["https://h5-static.helloyo.sg/live/helloyo/fisher-solo/js/tween.min_6c5a88f9.js"],"path":"/h5-static.helloyo.sg/live/helloyo/fisher-solo/js/tween.min_6c5a88f9.js","header":{"date":"Thu, 18 Jul 2024 08:30:02 GMT","content-encoding":"br","last-modified":"Mon, 20 May 2024 04:21:42 GMT","server":"nginx","age":"766839","etag":"\"664acfd6-30c1-df\"","vary":"Accept-Encoding","content-type":"application/javascript; charset=utf-8","access-control-allow-origin":"*","cache-control":"max-age=31536000","x-b-ch":"12","accept-ranges":"bytes","content-length":"3580","expires":"Wed, 09 Jul 2025 11:29:23 GMT"},"md5":"20f8a48b4726c837db3d3cb6dfeaf8b1","encode":"utf-8","mime":"text/javascript"},{"url":["https://h5-static.helloyo.sg/live/helloyo/fisher-solo/js/particle.min_d717ba80.js"],"fitUrl":["https://h5-static.helloyo.sg/live/helloyo/fisher-solo/js/particle.min_d717ba80.js"],"path":"/h5-static.helloyo.sg/live/helloyo/fisher-solo/js/particle.min_d717ba80.js","header":{"date":"Thu, 18 Jul 2024 08:30:02 GMT","content-encoding":"br","last-modified":"Mon, 20 May 2024 04:21:42 GMT","server":"nginx","age":"886573","etag":"\"664acfd6-3c7d-df\"","vary":"Accept-Encoding","content-type":"application/javascript; charset=utf-8","access-control-allow-origin":"*","cache-control":"max-age=31536000","x-b-ch":"12","accept-ranges":"bytes","content-length":"4214","expires":"Tue, 08 Jul 2025 02:13:49 GMT"},"md5":"a39380c2912f33a2c204c2573b5f0e8d","encode":"utf-8","mime":"text/javascript"},{"url":["https://h5-static.helloyo.sg/live/helloyo/fisher-solo/js/assetsmanager.min_2ef412b7.js"],"fitUrl":["https://h5-static.helloyo.sg/live/helloyo/fisher-solo/js/assetsmanager.min_2ef412b7.js"],"path":"/h5-static.helloyo.sg/live/helloyo/fisher-solo/js/assetsmanager.min_2ef412b7.js","header":{"date":"Thu, 18 Jul 2024 08:30:02 GMT","content-encoding":"br","last-modified":"Mon, 20 May 2024 04:21:42 GMT","server":"nginx","age":"633811","etag":"\"664acfd6-6f9e-df\"","vary":"Accept-Encoding","content-type":"application/javascript; charset=utf-8","access-control-allow-origin":"*","cache-control":"max-age=31536000","x-b-ch":"12","accept-ranges":"bytes","content-length":"8092","expires":"Fri, 11 Jul 2025 00:26:31 GMT"},"md5":"91d896ee3ba2d855716803755e7cd0ab","encode":"utf-8","mime":"text/javascript"},{"url":["https://h5-static.helloyo.sg/live/helloyo/fisher-solo/js/game.min_16249d0f.js"],"fitUrl":["https://h5-static.helloyo.sg/live/helloyo/fisher-solo/js/game.min_16249d0f.js"],"path":"/h5-static.helloyo.sg/live/helloyo/fisher-solo/js/game.min_16249d0f.js","header":{"date":"Thu, 18 Jul 2024 08:30:02 GMT","content-encoding":"br","last-modified":"Mon, 20 May 2024 04:21:42 GMT","server":"nginx","age":"331690","etag":"\"664acfd6-9dcb-df\"","vary":"Accept-Encoding","content-type":"application/javascript; charset=utf-8","access-control-allow-origin":"*","cache-control":"max-age=31536000","x-b-ch":"12","accept-ranges":"bytes","content-length":"9867","expires":"Mon, 14 Jul 2025 12:21:52 GMT"},"md5":"e3aad81db5cbde4222b1a66d435702e7","encode":"utf-8","mime":"text/javascript"},{"url":["https://h5-static.helloyo.sg/live/helloyo/fisher-solo/js/default.thm_4dd24c1.js"],"fitUrl":["https://h5-static.helloyo.sg/live/helloyo/fisher-solo/js/default.thm_4dd24c1.js"],"path":"/h5-static.helloyo.sg/live/helloyo/fisher-solo/js/default.thm_4dd24c1.js","header":{"date":"Thu, 18 Jul 2024 08:30:02 GMT","content-encoding":"br","last-modified":"Mon, 20 May 2024 04:21:42 GMT","server":"nginx","age":"422711","etag":"\"664acfd6-6ab3-df\"","vary":"Accept-Encoding","content-type":"application/javascript; charset=utf-8","access-control-allow-origin":"*","cache-control":"max-age=31536000","x-b-ch":"12","accept-ranges":"bytes","content-length":"3126","expires":"Sun, 13 Jul 2025 11:04:51 GMT"},"md5":"a46d6fce5217758876b405a66cf6e51f","encode":"utf-8","mime":"text/javascript"},{"url":["https://h5-static.helloyo.sg/live/helloyo/fisher-solo/js/promise.min_83a6a5d.js"],"fitUrl":["https://h5-static.helloyo.sg/live/helloyo/fisher-solo/js/promise.min_83a6a5d.js"],"path":"/h5-static.helloyo.sg/live/helloyo/fisher-solo/js/promise.min_83a6a5d.js","header":{"date":"Thu, 18 Jul 2024 08:30:02 GMT","content-encoding":"br","last-modified":"Mon, 20 May 2024 04:21:42 GMT","server":"nginx","age":"140505","etag":"\"664acfd6-194a-df\"","vary":"Accept-Encoding","content-type":"application/javascript; charset=utf-8","access-control-allow-origin":"*","cache-control":"max-age=31536000","x-b-ch":"12","accept-ranges":"bytes","content-length":"2376","expires":"Wed, 16 Jul 2025 17:28:17 GMT"},"md5":"1db72e0812aeb36ffec5285a2e14959f","encode":"utf-8","mime":"text/javascript"},{"url":["https://h5-static.helloyo.sg/live/helloyo/fisher-solo/js/main.min_e5a59d39.js"],"fitUrl":["https://h5-static.helloyo.sg/live/helloyo/fisher-solo/js/main.min_e5a59d39.js"],"path":"/h5-static.helloyo.sg/live/helloyo/fisher-solo/js/main.min_e5a59d39.js","header":{"date":"Thu, 18 Jul 2024 08:30:02 GMT","content-encoding":"br","last-modified":"Thu, 18 Jul 2024 07:54:02 GMT","server":"nginx","age":"2092","etag":"\"6698ca1a-2c108-df\"","vary":"Accept-Encoding","content-type":"application/javascript; charset=utf-8","access-control-allow-origin":"*","cache-control":"max-age=31536000","x-b-ch":"11","accept-ranges":"bytes","content-length":"44126","expires":"Fri, 18 Jul 2025 07:55:10 GMT"},"md5":"cd22002a47795015478e4e74c978e237","encode":"utf-8","mime":"text/javascript"},{"url":["https://h5-static.helloyo.sg/live/helloyo/fisher-solo/js/eui.min_493403ce.js"],"fitUrl":["https://h5-static.helloyo.sg/live/helloyo/fisher-solo/js/eui.min_493403ce.js"],"path":"/h5-static.helloyo.sg/live/helloyo/fisher-solo/js/eui.min_493403ce.js","header":{"date":"Thu, 18 Jul 2024 08:30:02 GMT","content-encoding":"br","last-modified":"Mon, 20 May 2024 04:21:42 GMT","server":"nginx","age":"886573","etag":"\"664acfd6-33978-df\"","vary":"Accept-Encoding","content-type":"application/javascript; charset=utf-8","access-control-allow-origin":"*","cache-control":"max-age=31536000","x-b-ch":"12","accept-ranges":"bytes","content-length":"43799","expires":"Tue, 08 Jul 2025 02:13:49 GMT"},"md5":"43c7f84ce5f2844b61fe6f2ac6b92bdf","encode":"utf-8","mime":"text/javascript"},{"url":["https://h5-static.helloyo.sg/live/helloyo/fisher-solo/js/dragonBones.min_6252b9c4.js"],"fitUrl":["https://h5-static.helloyo.sg/live/helloyo/fisher-solo/js/dragonBones.min_6252b9c4.js"],"path":"/h5-static.helloyo.sg/live/helloyo/fisher-solo/js/dragonBones.min_6252b9c4.js","header":{"date":"Thu, 18 Jul 2024 08:30:02 GMT","content-encoding":"br","last-modified":"Mon, 20 May 2024 04:21:42 GMT","server":"nginx","age":"422711","etag":"\"664acfd6-3f2b6-df\"","vary":"Accept-Encoding","content-type":"application/javascript; charset=utf-8","access-control-allow-origin":"*","cache-control":"max-age=31536000","x-b-ch":"12","accept-ranges":"bytes","content-length":"50475","expires":"Sun, 13 Jul 2025 11:04:51 GMT"},"md5":"8e2f39e62dbea0106e177ec0748aaca7","encode":"utf-8","mime":"text/javascript"},{"url":["https://h5-static.helloyo.sg/live/helloyo/fisher-solo/domStatic/js/preview.86acc5e5.js"],"fitUrl":["https://h5-static.helloyo.sg/live/helloyo/fisher-solo/domStatic/js/preview.86acc5e5.js"],"path":"/h5-static.helloyo.sg/live/helloyo/fisher-solo/domStatic/js/preview.86acc5e5.js","header":{"server":"openresty","date":"Thu, 18 Jul 2024 08:30:13 GMT","content-type":"application/javascript; charset=utf-8","content-length":"6954","connection":"close","last-modified":"Thu, 18 Jul 2024 07:54:02 GMT","etag":"\"6698ca1a-1b2a\"","expires":"Fri, 18 Jul 2025 07:55:24 GMT","cache-control":"max-age=31536000","access-control-allow-origin":"*","vary":"Accept-Encoding","accept-ranges":"bytes","age":"2089","x-b-ch":"12"},"md5":"335db9d2f9da08ffa3ef94acbe6cebff","encode":"utf-8","mime":"text/javascript"},{"url":["https://h5-static.helloyo.sg/live/helloyo/fisher-solo/domStatic/css/preview.c56d97ad.css"],"fitUrl":["https://h5-static.helloyo.sg/live/helloyo/fisher-solo/domStatic/css/preview.c56d97ad.css"],"path":"/h5-static.helloyo.sg/live/helloyo/fisher-solo/domStatic/css/preview.c56d97ad.css","header":{"server":"openresty","date":"Thu, 18 Jul 2024 08:30:13 GMT","content-type":"text/css","content-length":"140","connection":"close","last-modified":"Mon, 20 May 2024 04:21:42 GMT","etag":"\"664acfd6-8c\"","expires":"Wed, 16 Jul 2025 01:54:40 GMT","cache-control":"max-age=31536000","access-control-allow-origin":"*","vary":"Accept-Encoding","accept-ranges":"bytes","age":"196533","x-b-ch":"11"},"md5":"991628de610c53e4ab36df14b76590a7","encode":"utf-8","mime":"text/css"},{"url":["https://h5-static.helloyo.sg/live/helloyo/fisher-solo/domStatic/img/btn-blue.c17e070c.png"],"fitUrl":["https://h5-static.helloyo.sg/live/helloyo/fisher-solo/domStatic/img/btn-blue.c17e070c.png"],"path":"/h5-static.helloyo.sg/live/helloyo/fisher-solo/domStatic/img/btn-blue.c17e070c.png","header":{"server":"openresty","date":"Thu, 18 Jul 2024 08:30:13 GMT","content-type":"image/png","content-length":"7191","connection":"close","last-modified":"Mon, 20 May 2024 04:21:42 GMT","etag":"\"664acfd6-1c17\"","expires":"Sun, 13 Jul 2025 06:52:41 GMT","cache-control":"max-age=31536000","access-control-allow-origin":"*","vary":"Accept-Encoding","accept-ranges":"bytes","age":"437852","x-b-ch":"12"},"md5":"c17e070ca13a4bbbadf210991eccbc40","encode":"utf-8","mime":"image/png"},{"url":["https://h5-static.helloyo.sg/live/helloyo/fisher-solo/domStatic/img/btn-yellow.d54d5ccb.png"],"fitUrl":["https://h5-static.helloyo.sg/live/helloyo/fisher-solo/domStatic/img/btn-yellow.d54d5ccb.png"],"path":"/h5-static.helloyo.sg/live/helloyo/fisher-solo/domStatic/img/btn-yellow.d54d5ccb.png","header":{"server":"openresty","date":"Thu, 18 Jul 2024 08:30:13 GMT","content-type":"image/png","content-length":"7740","connection":"close","last-modified":"Mon, 20 May 2024 04:21:42 GMT","etag":"\"664acfd6-1e3c\"","expires":"Sun, 13 Jul 2025 18:05:27 GMT","cache-control":"max-age=31536000","access-control-allow-origin":"*","vary":"Accept-Encoding","accept-ranges":"bytes","age":"397486","x-b-ch":"12"},"md5":"d54d5ccbebedb7effb41bd803eabb181","encode":"utf-8","mime":"image/png"},{"url":["https://h5-static.helloyo.sg/live/helloyo/fisher-solo/domStatic/img/d-bg-top.c8ebc750.png"],"fitUrl":["https://h5-static.helloyo.sg/live/helloyo/fisher-solo/domStatic/img/d-bg-top.c8ebc750.png"],"path":"/h5-static.helloyo.sg/live/helloyo/fisher-solo/domStatic/img/d-bg-top.c8ebc750.png","header":{"server":"openresty","date":"Thu, 18 Jul 2024 08:30:13 GMT","content-type":"image/png","content-length":"7250","connection":"close","last-modified":"Mon, 20 May 2024 04:21:42 GMT","etag":"\"664acfd6-1c52\"","expires":"Sun, 13 Jul 2025 10:19:26 GMT","cache-control":"max-age=31536000","access-control-allow-origin":"*","vary":"Accept-Encoding","accept-ranges":"bytes","age":"425447","x-b-ch":"12"},"md5":"c8ebc7504801d0c01b198fd808d1e226","encode":"utf-8","mime":"image/png"},{"url":["https://h5-static.helloyo.sg/live/helloyo/fisher-solo/domStatic/img/fish-10.37c0a1a3.png"],"fitUrl":["https://h5-static.helloyo.sg/live/helloyo/fisher-solo/domStatic/img/fish-10.37c0a1a3.png"],"path":"/h5-static.helloyo.sg/live/helloyo/fisher-solo/domStatic/img/fish-10.37c0a1a3.png","header":{"server":"openresty","date":"Thu, 18 Jul 2024 08:30:13 GMT","content-type":"image/png","content-length":"6820","connection":"close","last-modified":"Mon, 20 May 2024 04:21:42 GMT","etag":"\"664acfd6-1aa4\"","expires":"Tue, 15 Jul 2025 04:49:48 GMT","cache-control":"max-age=31536000","access-control-allow-origin":"*","vary":"Accept-Encoding","accept-ranges":"bytes","age":"272425","x-b-ch":"12"},"md5":"37c0a1a35882f5b8baf550e5738cb0db","encode":"utf-8","mime":"image/png"},{"url":["https://h5-static.helloyo.sg/live/helloyo/fisher-solo/domStatic/img/fish-11.0c91a80e.png"],"fitUrl":["https://h5-static.helloyo.sg/live/helloyo/fisher-solo/domStatic/img/fish-11.0c91a80e.png"],"path":"/h5-static.helloyo.sg/live/helloyo/fisher-solo/domStatic/img/fish-11.0c91a80e.png","header":{"server":"openresty","date":"Thu, 18 Jul 2024 08:30:13 GMT","content-type":"image/png","content-length":"4916","connection":"close","last-modified":"Mon, 20 May 2024 04:21:42 GMT","etag":"\"664acfd6-1334\"","expires":"Mon, 14 Jul 2025 01:59:02 GMT","cache-control":"max-age=31536000","access-control-allow-origin":"*","vary":"Accept-Encoding","accept-ranges":"bytes","age":"369071","x-b-ch":"12"},"md5":"0c91a80e761a54b191fb66dc1acb5243","encode":"utf-8","mime":"image/png"},{"url":["https://h5-static.helloyo.sg/live/helloyo/fisher-solo/domStatic/img/fish-12.08d4057c.png"],"fitUrl":["https://h5-static.helloyo.sg/live/helloyo/fisher-solo/domStatic/img/fish-12.08d4057c.png"],"path":"/h5-static.helloyo.sg/live/helloyo/fisher-solo/domStatic/img/fish-12.08d4057c.png","header":{"server":"openresty","date":"Thu, 18 Jul 2024 08:30:13 GMT","content-type":"image/png","content-length":"6375","connection":"close","last-modified":"Mon, 20 May 2024 04:21:42 GMT","etag":"\"664acfd6-18e7\"","expires":"Sun, 13 Jul 2025 17:26:01 GMT","cache-control":"max-age=31536000","access-control-allow-origin":"*","vary":"Accept-Encoding","accept-ranges":"bytes","age":"399852","x-b-ch":"12"},"md5":"08d4057c68c6ed1d5dc068680e21a9a6","encode":"utf-8","mime":"image/png"},{"url":["https://h5-static.helloyo.sg/live/helloyo/fisher-solo/domStatic/img/fish-13.d1877364.png"],"fitUrl":["https://h5-static.helloyo.sg/live/helloyo/fisher-solo/domStatic/img/fish-13.d1877364.png"],"path":"/h5-static.helloyo.sg/live/helloyo/fisher-solo/domStatic/img/fish-13.d1877364.png","header":{"server":"openresty","date":"Thu, 18 Jul 2024 08:30:13 GMT","content-type":"image/png","content-length":"9582","connection":"close","last-modified":"Mon, 20 May 2024 04:21:42 GMT","etag":"\"664acfd6-256e\"","expires":"Tue, 15 Jul 2025 03:19:03 GMT","cache-control":"max-age=31536000","access-control-allow-origin":"*","vary":"Accept-Encoding","accept-ranges":"bytes","age":"277870","x-b-ch":"12"},"md5":"d18773648a4dbf8bde4459442f477eda","encode":"utf-8","mime":"image/png"},{"url":["https://h5-static.helloyo.sg/live/helloyo/fisher-solo/domStatic/img/fish-14.ead2facc.png"],"fitUrl":["https://h5-static.helloyo.sg/live/helloyo/fisher-solo/domStatic/img/fish-14.ead2facc.png"],"path":"/h5-static.helloyo.sg/live/helloyo/fisher-solo/domStatic/img/fish-14.ead2facc.png","header":{"server":"openresty","date":"Thu, 18 Jul 2024 08:30:13 GMT","content-type":"image/png","content-length":"7045","connection":"close","last-modified":"Mon, 20 May 2024 04:21:42 GMT","etag":"\"664acfd6-1b85\"","expires":"Mon, 14 Jul 2025 19:19:56 GMT","cache-control":"max-age=31536000","access-control-allow-origin":"*","vary":"Accept-Encoding","accept-ranges":"bytes","age":"306617","x-b-ch":"12"},"md5":"ead2facc0b95607af74e5316bc1ad5de","encode":"utf-8","mime":"image/png"},{"url":["https://h5-static.helloyo.sg/live/helloyo/fisher-solo/domStatic/img/fish-15.219eece2.png"],"fitUrl":["https://h5-static.helloyo.sg/live/helloyo/fisher-solo/domStatic/img/fish-15.219eece2.png"],"path":"/h5-static.helloyo.sg/live/helloyo/fisher-solo/domStatic/img/fish-15.219eece2.png","header":{"server":"openresty","date":"Thu, 18 Jul 2024 08:30:13 GMT","content-type":"image/png","content-length":"10179","connection":"close","last-modified":"Mon, 20 May 2024 04:21:42 GMT","etag":"\"664acfd6-27c3\"","expires":"Mon, 14 Jul 2025 07:54:46 GMT","cache-control":"max-age=31536000","access-control-allow-origin":"*","vary":"Accept-Encoding","accept-ranges":"bytes","age":"347727","x-b-ch":"12"},"md5":"219eece23abf223ef2169a9ee0e996ff","encode":"utf-8","mime":"image/png"},{"url":["https://h5-static.helloyo.sg/live/helloyo/fisher-solo/domStatic/img/fish-16.6b011669.png"],"fitUrl":["https://h5-static.helloyo.sg/live/helloyo/fisher-solo/domStatic/img/fish-16.6b011669.png"],"path":"/h5-static.helloyo.sg/live/helloyo/fisher-solo/domStatic/img/fish-16.6b011669.png","header":{"server":"openresty","date":"Thu, 18 Jul 2024 08:30:13 GMT","content-type":"image/png","content-length":"11201","connection":"close","last-modified":"Mon, 20 May 2024 04:21:42 GMT","etag":"\"664acfd6-2bc1\"","expires":"Mon, 14 Jul 2025 12:03:49 GMT","cache-control":"max-age=31536000","access-control-allow-origin":"*","vary":"Accept-Encoding","accept-ranges":"bytes","age":"332784","x-b-ch":"12"},"md5":"6b011669e46bb41565e21ede5ff795c7","encode":"utf-8","mime":"image/png"},{"url":["https://h5-static.helloyo.sg/live/helloyo/fisher-solo/domStatic/img/fish-17.22dd8b29.png"],"fitUrl":["https://h5-static.helloyo.sg/live/helloyo/fisher-solo/domStatic/img/fish-17.22dd8b29.png"],"path":"/h5-static.helloyo.sg/live/helloyo/fisher-solo/domStatic/img/fish-17.22dd8b29.png","header":{"server":"openresty","date":"Thu, 18 Jul 2024 08:30:13 GMT","content-type":"image/png","content-length":"12388","connection":"close","last-modified":"Mon, 20 May 2024 04:21:42 GMT","etag":"\"664acfd6-3064\"","expires":"Mon, 14 Jul 2025 11:01:58 GMT","cache-control":"max-age=31536000","access-control-allow-origin":"*","vary":"Accept-Encoding","accept-ranges":"bytes","age":"336495","x-b-ch":"12"},"md5":"22dd8b2935c2ae665e9d81e9bcc3c8f3","encode":"utf-8","mime":"image/png"},{"url":["https://h5-static.helloyo.sg/live/helloyo/fisher-solo/domStatic/img/fish-3.e5342da6.png"],"fitUrl":["https://h5-static.helloyo.sg/live/helloyo/fisher-solo/domStatic/img/fish-3.e5342da6.png"],"path":"/h5-static.helloyo.sg/live/helloyo/fisher-solo/domStatic/img/fish-3.e5342da6.png","header":{"server":"openresty","date":"Thu, 18 Jul 2024 08:30:13 GMT","content-type":"image/png","content-length":"4762","connection":"close","last-modified":"Mon, 20 May 2024 04:21:42 GMT","etag":"\"664acfd6-129a\"","expires":"Tue, 15 Jul 2025 06:44:00 GMT","cache-control":"max-age=31536000","access-control-allow-origin":"*","vary":"Accept-Encoding","accept-ranges":"bytes","age":"265573","x-b-ch":"12"},"md5":"e5342da60138ee508df299ace4504bfe","encode":"utf-8","mime":"image/png"},{"url":["https://h5-static.helloyo.sg/live/helloyo/fisher-solo/domStatic/img/fish-4.fd065309.png"],"fitUrl":["https://h5-static.helloyo.sg/live/helloyo/fisher-solo/domStatic/img/fish-4.fd065309.png"],"path":"/h5-static.helloyo.sg/live/helloyo/fisher-solo/domStatic/img/fish-4.fd065309.png","header":{"server":"openresty","date":"Thu, 18 Jul 2024 08:30:13 GMT","content-type":"image/png","content-length":"5245","connection":"close","last-modified":"Mon, 20 May 2024 04:21:42 GMT","etag":"\"664acfd6-147d\"","expires":"Mon, 14 Jul 2025 06:01:08 GMT","cache-control":"max-age=31536000","access-control-allow-origin":"*","vary":"Accept-Encoding","accept-ranges":"bytes","age":"354545","x-b-ch":"12"},"md5":"fd065309b1b6b7622e2c68ff2bfe44f0","encode":"utf-8","mime":"image/png"},{"url":["https://h5-static.helloyo.sg/live/helloyo/fisher-solo/domStatic/img/fish-5.6601e0b5.png"],"fitUrl":["https://h5-static.helloyo.sg/live/helloyo/fisher-solo/domStatic/img/fish-5.6601e0b5.png"],"path":"/h5-static.helloyo.sg/live/helloyo/fisher-solo/domStatic/img/fish-5.6601e0b5.png","header":{"server":"openresty","date":"Thu, 18 Jul 2024 08:30:13 GMT","content-type":"image/png","content-length":"4913","connection":"close","last-modified":"Mon, 20 May 2024 04:21:42 GMT","etag":"\"664acfd6-1331\"","expires":"Sun, 13 Jul 2025 22:49:39 GMT","cache-control":"max-age=31536000","access-control-allow-origin":"*","vary":"Accept-Encoding","accept-ranges":"bytes","age":"380434","x-b-ch":"12"},"md5":"6601e0b5b6055f6369185aae1a88bfe1","encode":"utf-8","mime":"image/png"},{"url":["https://h5-static.helloyo.sg/live/helloyo/fisher-solo/domStatic/img/fish-6.2ff79b69.png"],"fitUrl":["https://h5-static.helloyo.sg/live/helloyo/fisher-solo/domStatic/img/fish-6.2ff79b69.png"],"path":"/h5-static.helloyo.sg/live/helloyo/fisher-solo/domStatic/img/fish-6.2ff79b69.png","header":{"server":"openresty","date":"Thu, 18 Jul 2024 08:30:13 GMT","content-type":"image/png","content-length":"5453","connection":"close","last-modified":"Mon, 20 May 2024 04:21:42 GMT","etag":"\"664acfd6-154d\"","expires":"Mon, 14 Jul 2025 14:47:17 GMT","cache-control":"max-age=31536000","access-control-allow-origin":"*","vary":"Accept-Encoding","accept-ranges":"bytes","age":"322976","x-b-ch":"12"},"md5":"2ff79b6946c00859a76f7a5755541107","encode":"utf-8","mime":"image/png"},{"url":["https://h5-static.helloyo.sg/live/helloyo/fisher-solo/domStatic/img/fish-7.54be0b2d.png"],"fitUrl":["https://h5-static.helloyo.sg/live/helloyo/fisher-solo/domStatic/img/fish-7.54be0b2d.png"],"path":"/h5-static.helloyo.sg/live/helloyo/fisher-solo/domStatic/img/fish-7.54be0b2d.png","header":{"server":"openresty","date":"Thu, 18 Jul 2024 08:30:13 GMT","content-type":"image/png","content-length":"4603","connection":"close","last-modified":"Mon, 20 May 2024 04:21:42 GMT","etag":"\"664acfd6-11fb\"","expires":"Tue, 15 Jul 2025 03:24:16 GMT","cache-control":"max-age=31536000","access-control-allow-origin":"*","vary":"Accept-Encoding","accept-ranges":"bytes","age":"277557","x-b-ch":"12"},"md5":"54be0b2d52feba55e5546e6ba913b31b","encode":"utf-8","mime":"image/png"},{"url":["https://h5-static.helloyo.sg/live/helloyo/fisher-solo/domStatic/img/fish-8.b7c61063.png"],"fitUrl":["https://h5-static.helloyo.sg/live/helloyo/fisher-solo/domStatic/img/fish-8.b7c61063.png"],"path":"/h5-static.helloyo.sg/live/helloyo/fisher-solo/domStatic/img/fish-8.b7c61063.png","header":{"server":"openresty","date":"Thu, 18 Jul 2024 08:30:13 GMT","content-type":"image/png","content-length":"6898","connection":"close","last-modified":"Mon, 20 May 2024 04:21:42 GMT","etag":"\"664acfd6-1af2\"","expires":"Mon, 14 Jul 2025 01:59:02 GMT","cache-control":"max-age=31536000","access-control-allow-origin":"*","vary":"Accept-Encoding","accept-ranges":"bytes","age":"369071","x-b-ch":"12"},"md5":"b7c61063daea29f041f71813de6b35d0","encode":"utf-8","mime":"image/png"},{"url":["https://h5-static.helloyo.sg/live/helloyo/fisher-solo/domStatic/img/fish-9.6f57a219.png"],"fitUrl":["https://h5-static.helloyo.sg/live/helloyo/fisher-solo/domStatic/img/fish-9.6f57a219.png"],"path":"/h5-static.helloyo.sg/live/helloyo/fisher-solo/domStatic/img/fish-9.6f57a219.png","header":{"server":"openresty","date":"Thu, 18 Jul 2024 08:30:13 GMT","content-type":"image/png","content-length":"8509","connection":"close","last-modified":"Mon, 20 May 2024 04:21:42 GMT","etag":"\"664acfd6-213d\"","expires":"Mon, 14 Jul 2025 07:54:46 GMT","cache-control":"max-age=31536000","access-control-allow-origin":"*","vary":"Accept-Encoding","accept-ranges":"bytes","age":"347727","x-b-ch":"12"},"md5":"6f57a2195c8c525a951a8e8f6ec351ec","encode":"utf-8","mime":"image/png"},{"url":["https://h5-static.helloyo.sg/live/helloyo/fisher-solo/domStatic/img/icon-call.40033f2f.png"],"fitUrl":["https://h5-static.helloyo.sg/live/helloyo/fisher-solo/domStatic/img/icon-call.40033f2f.png"],"path":"/h5-static.helloyo.sg/live/helloyo/fisher-solo/domStatic/img/icon-call.40033f2f.png","header":{"server":"openresty","date":"Thu, 18 Jul 2024 08:30:13 GMT","content-type":"image/png","content-length":"4609","connection":"close","last-modified":"Mon, 20 May 2024 04:21:42 GMT","etag":"\"664acfd6-1201\"","expires":"Fri, 18 Jul 2025 07:55:24 GMT","cache-control":"max-age=31536000","access-control-allow-origin":"*","vary":"Accept-Encoding","accept-ranges":"bytes","age":"2089","x-b-ch":"21"},"md5":"40033f2f26432d86526fd76edefd2372","encode":"utf-8","mime":"image/png"},{"url":["https://h5-static.helloyo.sg/live/helloyo/fisher-solo/domStatic/img/icon-aim.f819d4aa.png"],"fitUrl":["https://h5-static.helloyo.sg/live/helloyo/fisher-solo/domStatic/img/icon-aim.f819d4aa.png"],"path":"/h5-static.helloyo.sg/live/helloyo/fisher-solo/domStatic/img/icon-aim.f819d4aa.png","header":{"server":"openresty","date":"Thu, 18 Jul 2024 08:30:13 GMT","content-type":"image/png","content-length":"4510","connection":"close","last-modified":"Mon, 20 May 2024 04:21:42 GMT","etag":"\"664acfd6-119e\"","expires":"Fri, 18 Jul 2025 07:55:24 GMT","cache-control":"max-age=31536000","access-control-allow-origin":"*","vary":"Accept-Encoding","accept-ranges":"bytes","age":"2089","x-b-ch":"12"},"md5":"f819d4aa047f7fbc833c28291815465a","encode":"utf-8","mime":"image/png"},{"url":["https://h5-static.helloyo.sg/live/helloyo/fisher-solo/domStatic/img/icon-close.74aea2d9.png"],"fitUrl":["https://h5-static.helloyo.sg/live/helloyo/fisher-solo/domStatic/img/icon-close.74aea2d9.png"],"path":"/h5-static.helloyo.sg/live/helloyo/fisher-solo/domStatic/img/icon-close.74aea2d9.png","header":{"server":"openresty","date":"Thu, 18 Jul 2024 08:30:13 GMT","content-type":"image/png","content-length":"4230","connection":"close","last-modified":"Mon, 20 May 2024 04:21:42 GMT","etag":"\"664acfd6-1086\"","expires":"Mon, 14 Jul 2025 20:22:18 GMT","cache-control":"max-age=31536000","access-control-allow-origin":"*","vary":"Accept-Encoding","accept-ranges":"bytes","age":"302875","x-b-ch":"12"},"md5":"74aea2d9dc0347564acaa19b85d79320","encode":"utf-8","mime":"image/png"},{"url":["https://h5-static.helloyo.sg/live/helloyo/fisher-solo/domStatic/img/icon-freezen.bdd37156.png"],"fitUrl":["https://h5-static.helloyo.sg/live/helloyo/fisher-solo/domStatic/img/icon-freezen.bdd37156.png"],"path":"/h5-static.helloyo.sg/live/helloyo/fisher-solo/domStatic/img/icon-freezen.bdd37156.png","header":{"server":"openresty","date":"Thu, 18 Jul 2024 08:30:13 GMT","content-type":"image/png","content-length":"4424","connection":"close","last-modified":"Mon, 20 May 2024 04:21:42 GMT","etag":"\"664acfd6-1148\"","expires":"Wed, 16 Jul 2025 01:55:49 GMT","cache-control":"max-age=31536000","access-control-allow-origin":"*","vary":"Accept-Encoding","accept-ranges":"bytes","age":"196464","x-b-ch":"12"},"md5":"bdd3715655e43d29004621327367b3e1","encode":"utf-8","mime":"image/png"},{"url":["https://h5-static.helloyo.sg/live/helloyo/fisher-solo/resource/assets/bg-board.png"],"fitUrl":["https://h5-static.helloyo.sg/live/helloyo/fisher-solo/resource/assets/bg-board.png"],"path":"/h5-static.helloyo.sg/live/helloyo/fisher-solo/resource/assets/bg-board.png","header":{"server":"openresty","date":"Thu, 18 Jul 2024 08:30:13 GMT","content-type":"image/png","content-length":"3713","connection":"close","last-modified":"Mon, 20 May 2024 04:21:42 GMT","etag":"\"664acfd6-e81\"","expires":"Fri, 18 Jul 2025 07:55:24 GMT","cache-control":"max-age=31536000","access-control-allow-origin":"*","vary":"Accept-Encoding","accept-ranges":"bytes","age":"2089","x-b-ch":"12"},"md5":"b58d7cd63e2567ce34e2e5508c618876","encode":"utf-8","mime":"image/png"},{"url":["https://h5-static.helloyo.sg/live/helloyo/fisher-solo/resource/assets/bullet1.png"],"fitUrl":["https://h5-static.helloyo.sg/live/helloyo/fisher-solo/resource/assets/bullet1.png"],"path":"/h5-static.helloyo.sg/live/helloyo/fisher-solo/resource/assets/bullet1.png","header":{"server":"openresty","date":"Thu, 18 Jul 2024 08:30:13 GMT","content-type":"image/png","content-length":"1765","connection":"close","last-modified":"Mon, 20 May 2024 04:21:42 GMT","etag":"\"664acfd6-6e5\"","expires":"Fri, 18 Jul 2025 07:55:24 GMT","cache-control":"max-age=31536000","access-control-allow-origin":"*","vary":"Accept-Encoding","accept-ranges":"bytes","age":"2089","x-b-ch":"22"},"md5":"c502c8667e792b4d65da16eb9422b328","encode":"utf-8","mime":"image/png"},{"url":["https://h5-static.helloyo.sg/live/helloyo/fisher-solo/resource/assets/bullet2.png"],"fitUrl":["https://h5-static.helloyo.sg/live/helloyo/fisher-solo/resource/assets/bullet2.png"],"path":"/h5-static.helloyo.sg/live/helloyo/fisher-solo/resource/assets/bullet2.png","header":{"server":"openresty","date":"Thu, 18 Jul 2024 08:30:13 GMT","content-type":"image/png","content-length":"2398","connection":"close","last-modified":"Mon, 20 May 2024 04:21:42 GMT","etag":"\"664acfd6-95e\"","expires":"Fri, 18 Jul 2025 07:55:24 GMT","cache-control":"max-age=31536000","access-control-allow-origin":"*","vary":"Accept-Encoding","accept-ranges":"bytes","age":"2089","x-b-ch":"12"},"md5":"9cf94463ac1fa0f476a6051e64d22bba","encode":"utf-8","mime":"image/png"},{"url":["https://h5-static.helloyo.sg/live/helloyo/fisher-solo/resource/assets/bullet3.png"],"fitUrl":["https://h5-static.helloyo.sg/live/helloyo/fisher-solo/resource/assets/bullet3.png"],"path":"/h5-static.helloyo.sg/live/helloyo/fisher-solo/resource/assets/bullet3.png","header":{"server":"openresty","date":"Thu, 18 Jul 2024 08:30:13 GMT","content-type":"image/png","content-length":"3570","connection":"close","last-modified":"Mon, 20 May 2024 04:21:42 GMT","etag":"\"664acfd6-df2\"","expires":"Fri, 18 Jul 2025 07:55:24 GMT","cache-control":"max-age=31536000","access-control-allow-origin":"*","vary":"Accept-Encoding","accept-ranges":"bytes","age":"2089","x-b-ch":"22"},"md5":"4ed8024da2af8fa9098b544a7780375f","encode":"utf-8","mime":"image/png"},{"url":["https://h5-static.helloyo.sg/live/helloyo/fisher-solo/resource/assets/bullet4.png"],"fitUrl":["https://h5-static.helloyo.sg/live/helloyo/fisher-solo/resource/assets/bullet4.png"],"path":"/h5-static.helloyo.sg/live/helloyo/fisher-solo/resource/assets/bullet4.png","header":{"server":"openresty","date":"Thu, 18 Jul 2024 08:30:13 GMT","content-type":"image/png","content-length":"2861","connection":"close","last-modified":"Mon, 20 May 2024 04:21:42 GMT","etag":"\"664acfd6-b2d\"","expires":"Fri, 18 Jul 2025 07:55:24 GMT","cache-control":"max-age=31536000","access-control-allow-origin":"*","vary":"Accept-Encoding","accept-ranges":"bytes","age":"2089","x-b-ch":"22"},"md5":"b5c13abc94162fe18e63fcc62a473b34","encode":"utf-8","mime":"image/png"},{"url":["https://h5-static.helloyo.sg/live/helloyo/fisher-solo/resource/assets/bullet5.png"],"fitUrl":["https://h5-static.helloyo.sg/live/helloyo/fisher-solo/resource/assets/bullet5.png"],"path":"/h5-static.helloyo.sg/live/helloyo/fisher-solo/resource/assets/bullet5.png","header":{"server":"openresty","date":"Thu, 18 Jul 2024 08:30:13 GMT","content-type":"image/png","content-length":"3796","connection":"close","last-modified":"Mon, 20 May 2024 04:21:42 GMT","etag":"\"664acfd6-ed4\"","expires":"Fri, 18 Jul 2025 07:55:24 GMT","cache-control":"max-age=31536000","access-control-allow-origin":"*","vary":"Accept-Encoding","accept-ranges":"bytes","age":"2089","x-b-ch":"12"},"md5":"f2579f37e1873246d636e99e6247c671","encode":"utf-8","mime":"image/png"},{"url":["https://h5-static.helloyo.sg/live/helloyo/fisher-solo/resource/assets/bullet6.png"],"fitUrl":["https://h5-static.helloyo.sg/live/helloyo/fisher-solo/resource/assets/bullet6.png"],"path":"/h5-static.helloyo.sg/live/helloyo/fisher-solo/resource/assets/bullet6.png","header":{"server":"openresty","date":"Thu, 18 Jul 2024 08:30:13 GMT","content-type":"image/png","content-length":"5666","connection":"close","last-modified":"Mon, 20 May 2024 04:21:42 GMT","etag":"\"664acfd6-1622\"","expires":"Fri, 18 Jul 2025 07:55:24 GMT","cache-control":"max-age=31536000","access-control-allow-origin":"*","vary":"Accept-Encoding","accept-ranges":"bytes","age":"2089","x-b-ch":"22"},"md5":"c004b1cff8ef4825251f5eba3d32cce6","encode":"utf-8","mime":"image/png"},{"url":["https://h5-static.helloyo.sg/live/helloyo/fisher-solo/resource/assets/bullet7.png"],"fitUrl":["https://h5-static.helloyo.sg/live/helloyo/fisher-solo/resource/assets/bullet7.png"],"path":"/h5-static.helloyo.sg/live/helloyo/fisher-solo/resource/assets/bullet7.png","header":{"server":"openresty","date":"Thu, 18 Jul 2024 08:30:13 GMT","content-type":"image/png","content-length":"9820","connection":"close","last-modified":"Mon, 20 May 2024 04:21:42 GMT","etag":"\"664acfd6-265c\"","expires":"Fri, 18 Jul 2025 07:55:24 GMT","cache-control":"max-age=31536000","access-control-allow-origin":"*","vary":"Accept-Encoding","accept-ranges":"bytes","age":"2089","x-b-ch":"22"},"md5":"1cdd64722dcc121e1f58a6c291107e0d","encode":"utf-8","mime":"image/png"},{"url":["https://h5-static.helloyo.sg/live/helloyo/fisher-solo/resource/assets/bullet8.png"],"fitUrl":["https://h5-static.helloyo.sg/live/helloyo/fisher-solo/resource/assets/bullet8.png"],"path":"/h5-static.helloyo.sg/live/helloyo/fisher-solo/resource/assets/bullet8.png","header":{"server":"openresty","date":"Thu, 18 Jul 2024 08:30:13 GMT","content-type":"image/png","content-length":"11494","connection":"close","last-modified":"Mon, 20 May 2024 04:21:42 GMT","etag":"\"664acfd6-2ce6\"","expires":"Fri, 18 Jul 2025 07:55:24 GMT","cache-control":"max-age=31536000","access-control-allow-origin":"*","vary":"Accept-Encoding","accept-ranges":"bytes","age":"2089","x-b-ch":"12"},"md5":"d74b9ac5af654576d225f53947352d4f","encode":"utf-8","mime":"image/png"},{"url":["https://h5-static.helloyo.sg/live/helloyo/fisher-solo/resource/assets/bullet9.png"],"fitUrl":["https://h5-static.helloyo.sg/live/helloyo/fisher-solo/resource/assets/bullet9.png"],"path":"/h5-static.helloyo.sg/live/helloyo/fisher-solo/resource/assets/bullet9.png","header":{"server":"openresty","date":"Thu, 18 Jul 2024 08:30:13 GMT","content-type":"image/png","content-length":"9977","connection":"close","last-modified":"Mon, 20 May 2024 04:21:42 GMT","etag":"\"664acfd6-26f9\"","expires":"Fri, 18 Jul 2025 07:55:24 GMT","cache-control":"max-age=31536000","access-control-allow-origin":"*","vary":"Accept-Encoding","accept-ranges":"bytes","age":"2089","x-b-ch":"22"},"md5":"216063d57f73be395d03a9e7f0863d6d","encode":"utf-8","mime":"image/png"},{"url":["https://h5-static.helloyo.sg/live/helloyo/fisher-solo/resource/assets/fishCover.png"],"fitUrl":["https://h5-static.helloyo.sg/live/helloyo/fisher-solo/resource/assets/fishCover.png"],"path":"/h5-static.helloyo.sg/live/helloyo/fisher-solo/resource/assets/fishCover.png","header":{"server":"openresty","date":"Thu, 18 Jul 2024 08:30:13 GMT","content-type":"image/png","content-length":"285","connection":"close","last-modified":"Mon, 20 May 2024 04:21:42 GMT","etag":"\"664acfd6-11d\"","expires":"Mon, 14 Jul 2025 09:18:13 GMT","cache-control":"max-age=31536000","access-control-allow-origin":"*","vary":"Accept-Encoding","accept-ranges":"bytes","age":"342720","x-b-ch":"12"},"md5":"5c1d404eca2cf1685ae6298e03a4cc1e","encode":"utf-8","mime":"image/png"},{"url":["https://h5-static.helloyo.sg/live/helloyo/fisher-solo/resource/assets/fonts/item-count-font.png"],"fitUrl":["https://h5-static.helloyo.sg/live/helloyo/fisher-solo/resource/assets/fonts/item-count-font.png"],"path":"/h5-static.helloyo.sg/live/helloyo/fisher-solo/resource/assets/fonts/item-count-font.png","header":{"server":"openresty","date":"Thu, 18 Jul 2024 08:30:13 GMT","content-type":"image/png","content-length":"4770","connection":"close","last-modified":"Mon, 20 May 2024 04:21:42 GMT","etag":"\"664acfd6-12a2\"","expires":"Mon, 14 Jul 2025 14:02:48 GMT","cache-control":"max-age=31536000","access-control-allow-origin":"*","vary":"Accept-Encoding","accept-ranges":"bytes","age":"325645","x-b-ch":"12"},"md5":"ff6cceaa5acf39f290586b05913a05a3","encode":"utf-8","mime":"image/png"},{"url":["https://h5-static.helloyo.sg/live/helloyo/fisher-solo/resource/assets/free-bubble.png"],"fitUrl":["https://h5-static.helloyo.sg/live/helloyo/fisher-solo/resource/assets/free-bubble.png"],"path":"/h5-static.helloyo.sg/live/helloyo/fisher-solo/resource/assets/free-bubble.png","header":{"server":"openresty","date":"Thu, 18 Jul 2024 08:30:13 GMT","content-type":"image/png","content-length":"12108","connection":"close","last-modified":"Mon, 20 May 2024 04:21:42 GMT","etag":"\"664acfd6-2f4c\"","expires":"Mon, 14 Jul 2025 12:01:59 GMT","cache-control":"max-age=31536000","access-control-allow-origin":"*","vary":"Accept-Encoding","accept-ranges":"bytes","age":"332894","x-b-ch":"12"},"md5":"35468ab50e527ccf2a63f03c86d95001","encode":"utf-8","mime":"image/png"},{"url":["https://h5-static.helloyo.sg/live/helloyo/fisher-solo/resource/assets/free-tips.png"],"fitUrl":["https://h5-static.helloyo.sg/live/helloyo/fisher-solo/resource/assets/free-tips.png"],"path":"/h5-static.helloyo.sg/live/helloyo/fisher-solo/resource/assets/free-tips.png","header":{"server":"openresty","date":"Thu, 18 Jul 2024 08:30:13 GMT","content-type":"image/png","content-length":"1216","connection":"close","last-modified":"Mon, 20 May 2024 04:21:42 GMT","etag":"\"664acfd6-4c0\"","expires":"Mon, 14 Jul 2025 09:18:12 GMT","cache-control":"max-age=31536000","access-control-allow-origin":"*","vary":"Accept-Encoding","accept-ranges":"bytes","age":"342721","x-b-ch":"12"},"md5":"0e1be0e74ceca368f634ca6c49ca9cdd","encode":"utf-8","mime":"image/png"},{"url":["https://h5-static.helloyo.sg/live/helloyo/fisher-solo/resource/assets/guide/guide1.png"],"fitUrl":["https://h5-static.helloyo.sg/live/helloyo/fisher-solo/resource/assets/guide/guide1.png"],"path":"/h5-static.helloyo.sg/live/helloyo/fisher-solo/resource/assets/guide/guide1.png","header":{"server":"openresty","date":"Thu, 18 Jul 2024 08:30:13 GMT","content-type":"image/png","content-length":"12087","connection":"close","last-modified":"Mon, 20 May 2024 04:21:42 GMT","etag":"\"664acfd6-2f37\"","expires":"Mon, 14 Jul 2025 17:51:07 GMT","cache-control":"max-age=31536000","access-control-allow-origin":"*","vary":"Accept-Encoding","accept-ranges":"bytes","age":"311946","x-b-ch":"12"},"md5":"639fd33318ddc5fc104ed19b1b1f44f6","encode":"utf-8","mime":"image/png"},{"url":["https://h5-static.helloyo.sg/live/helloyo/fisher-solo/resource/assets/guide/guide3-bottom.png"],"fitUrl":["https://h5-static.helloyo.sg/live/helloyo/fisher-solo/resource/assets/guide/guide3-bottom.png"],"path":"/h5-static.helloyo.sg/live/helloyo/fisher-solo/resource/assets/guide/guide3-bottom.png","header":{"server":"openresty","date":"Thu, 18 Jul 2024 08:30:13 GMT","content-type":"image/png","content-length":"10887","connection":"close","last-modified":"Mon, 20 May 2024 04:21:42 GMT","etag":"\"664acfd6-2a87\"","expires":"Mon, 14 Jul 2025 16:22:08 GMT","cache-control":"max-age=31536000","access-control-allow-origin":"*","vary":"Accept-Encoding","accept-ranges":"bytes","age":"317285","x-b-ch":"12"},"md5":"6d0a70783fe3ca6ae18e454fc6461dd9","encode":"utf-8","mime":"image/png"},{"url":["https://h5-static.helloyo.sg/live/helloyo/fisher-solo/resource/assets/guide/guide3-left.png"],"fitUrl":["https://h5-static.helloyo.sg/live/helloyo/fisher-solo/resource/assets/guide/guide3-left.png"],"path":"/h5-static.helloyo.sg/live/helloyo/fisher-solo/resource/assets/guide/guide3-left.png","header":{"server":"openresty","date":"Thu, 18 Jul 2024 08:30:13 GMT","content-type":"image/png","content-length":"10626","connection":"close","last-modified":"Mon, 20 May 2024 04:21:42 GMT","etag":"\"664acfd6-2982\"","expires":"Mon, 14 Jul 2025 15:06:52 GMT","cache-control":"max-age=31536000","access-control-allow-origin":"*","vary":"Accept-Encoding","accept-ranges":"bytes","age":"321801","x-b-ch":"12"},"md5":"af9146b536f4db7da5f3ecd35a3a53b9","encode":"utf-8","mime":"image/png"},{"url":["https://h5-static.helloyo.sg/live/helloyo/fisher-solo/resource/assets/guide/guide3-right.png"],"fitUrl":["https://h5-static.helloyo.sg/live/helloyo/fisher-solo/resource/assets/guide/guide3-right.png"],"path":"/h5-static.helloyo.sg/live/helloyo/fisher-solo/resource/assets/guide/guide3-right.png","header":{"server":"openresty","date":"Thu, 18 Jul 2024 08:30:13 GMT","content-type":"image/png","content-length":"9516","connection":"close","last-modified":"Mon, 20 May 2024 04:21:42 GMT","etag":"\"664acfd6-252c\"","expires":"Mon, 14 Jul 2025 01:12:24 GMT","cache-control":"max-age=31536000","access-control-allow-origin":"*","vary":"Accept-Encoding","accept-ranges":"bytes","age":"371869","x-b-ch":"12"},"md5":"d321be521f23ddcb6eac8b5ee0402118","encode":"utf-8","mime":"image/png"},{"url":["https://h5-static.helloyo.sg/live/helloyo/fisher-solo/resource/assets/icons/head.png"],"fitUrl":["https://h5-static.helloyo.sg/live/helloyo/fisher-solo/resource/assets/icons/head.png"],"path":"/h5-static.helloyo.sg/live/helloyo/fisher-solo/resource/assets/icons/head.png","header":{"server":"openresty","date":"Thu, 18 Jul 2024 08:30:13 GMT","content-type":"image/png","content-length":"1807","connection":"close","last-modified":"Mon, 20 May 2024 04:21:42 GMT","etag":"\"664acfd6-70f\"","expires":"Fri, 18 Jul 2025 07:55:24 GMT","cache-control":"max-age=31536000","access-control-allow-origin":"*","vary":"Accept-Encoding","accept-ranges":"bytes","age":"2089","x-b-ch":"12"},"md5":"cdebd0e209f314f7f32418e1e1c7e732","encode":"utf-8","mime":"image/png"},{"url":["https://h5-static.helloyo.sg/live/helloyo/fisher-solo/resource/assets/icons/icon-ai.png"],"fitUrl":["https://h5-static.helloyo.sg/live/helloyo/fisher-solo/resource/assets/icons/icon-ai.png"],"path":"/h5-static.helloyo.sg/live/helloyo/fisher-solo/resource/assets/icons/icon-ai.png","header":{"server":"openresty","date":"Thu, 18 Jul 2024 08:30:13 GMT","content-type":"image/png","content-length":"7519","connection":"close","last-modified":"Mon, 20 May 2024 04:21:42 GMT","etag":"\"664acfd6-1d5f\"","expires":"Mon, 14 Jul 2025 17:29:36 GMT","cache-control":"max-age=31536000","access-control-allow-origin":"*","vary":"Accept-Encoding","accept-ranges":"bytes","age":"313237","x-b-ch":"12"},"md5":"b68d776fa6602f6b42d0d7d170730d0f","encode":"utf-8","mime":"image/png"},{"url":["https://h5-static.helloyo.sg/live/helloyo/fisher-solo/resource/assets/icons/icon-bean.png"],"fitUrl":["https://h5-static.helloyo.sg/live/helloyo/fisher-solo/resource/assets/icons/icon-bean.png"],"path":"/h5-static.helloyo.sg/live/helloyo/fisher-solo/resource/assets/icons/icon-bean.png","header":{"server":"openresty","date":"Thu, 18 Jul 2024 08:30:13 GMT","content-type":"image/png","content-length":"1046","connection":"close","last-modified":"Mon, 20 May 2024 04:21:42 GMT","etag":"\"664acfd6-416\"","expires":"Fri, 18 Jul 2025 07:55:24 GMT","cache-control":"max-age=31536000","access-control-allow-origin":"*","vary":"Accept-Encoding","accept-ranges":"bytes","age":"2089","x-b-ch":"22"},"md5":"da97a424b72ca803d68057ca83f14ff7","encode":"utf-8","mime":"image/png"},{"url":["https://h5-static.helloyo.sg/live/helloyo/fisher-solo/resource/assets/icons/icon-close.png"],"fitUrl":["https://h5-static.helloyo.sg/live/helloyo/fisher-solo/resource/assets/icons/icon-close.png"],"path":"/h5-static.helloyo.sg/live/helloyo/fisher-solo/resource/assets/icons/icon-close.png","header":{"server":"openresty","date":"Thu, 18 Jul 2024 08:30:13 GMT","content-type":"image/png","content-length":"11851","connection":"close","last-modified":"Mon, 20 May 2024 04:21:42 GMT","etag":"\"664acfd6-2e4b\"","expires":"Fri, 18 Jul 2025 07:55:24 GMT","cache-control":"max-age=31536000","access-control-allow-origin":"*","vary":"Accept-Encoding","accept-ranges":"bytes","age":"2089","x-b-ch":"12"},"md5":"ff942d1a013adbd8ce502cedc51b00b9","encode":"utf-8","mime":"image/png"},{"url":["https://h5-static.helloyo.sg/live/helloyo/fisher-solo/resource/assets/icons/icon-diamond.png"],"fitUrl":["https://h5-static.helloyo.sg/live/helloyo/fisher-solo/resource/assets/icons/icon-diamond.png"],"path":"/h5-static.helloyo.sg/live/helloyo/fisher-solo/resource/assets/icons/icon-diamond.png","header":{"server":"openresty","date":"Thu, 18 Jul 2024 08:30:13 GMT","content-type":"image/png","content-length":"571","connection":"close","last-modified":"Mon, 20 May 2024 04:21:42 GMT","etag":"\"664acfd6-23b\"","expires":"Fri, 18 Jul 2025 07:55:24 GMT","cache-control":"max-age=31536000","access-control-allow-origin":"*","vary":"Accept-Encoding","accept-ranges":"bytes","age":"2089","x-b-ch":"22"},"md5":"575a1fe8ac04242cd24395a23ead9421","encode":"utf-8","mime":"image/png"},{"url":["https://h5-static.helloyo.sg/live/helloyo/fisher-solo/resource/assets/icons/icon-minus-disable.png"],"fitUrl":["https://h5-static.helloyo.sg/live/helloyo/fisher-solo/resource/assets/icons/icon-minus-disable.png"],"path":"/h5-static.helloyo.sg/live/helloyo/fisher-solo/resource/assets/icons/icon-minus-disable.png","header":{"server":"openresty","date":"Thu, 18 Jul 2024 08:30:13 GMT","content-type":"image/png","content-length":"6376","connection":"close","last-modified":"Mon, 20 May 2024 04:21:42 GMT","etag":"\"664acfd6-18e8\"","expires":"Fri, 18 Jul 2025 07:55:24 GMT","cache-control":"max-age=31536000","access-control-allow-origin":"*","vary":"Accept-Encoding","accept-ranges":"bytes","age":"2089","x-b-ch":"21"},"md5":"fac23668d8f9b3edffe865dc01c7c9d8","encode":"utf-8","mime":"image/png"},{"url":["https://h5-static.helloyo.sg/live/helloyo/fisher-solo/resource/assets/icons/icon-minus.png"],"fitUrl":["https://h5-static.helloyo.sg/live/helloyo/fisher-solo/resource/assets/icons/icon-minus.png"],"path":"/h5-static.helloyo.sg/live/helloyo/fisher-solo/resource/assets/icons/icon-minus.png","header":{"server":"openresty","date":"Thu, 18 Jul 2024 08:30:13 GMT","content-type":"image/png","content-length":"8051","connection":"close","last-modified":"Mon, 20 May 2024 04:21:42 GMT","etag":"\"664acfd6-1f73\"","expires":"Fri, 18 Jul 2025 07:55:24 GMT","cache-control":"max-age=31536000","access-control-allow-origin":"*","vary":"Accept-Encoding","accept-ranges":"bytes","age":"2089","x-b-ch":"11"},"md5":"661fdc14864992fa4e39c96ff65b3a1f","encode":"utf-8","mime":"image/png"},{"url":["https://h5-static.helloyo.sg/live/helloyo/fisher-solo/resource/assets/icons/icon-plus-disable.png"],"fitUrl":["https://h5-static.helloyo.sg/live/helloyo/fisher-solo/resource/assets/icons/icon-plus-disable.png"],"path":"/h5-static.helloyo.sg/live/helloyo/fisher-solo/resource/assets/icons/icon-plus-disable.png","header":{"server":"openresty","date":"Thu, 18 Jul 2024 08:30:13 GMT","content-type":"image/png","content-length":"6898","connection":"close","last-modified":"Mon, 20 May 2024 04:21:42 GMT","etag":"\"664acfd6-1af2\"","expires":"Fri, 18 Jul 2025 07:55:24 GMT","cache-control":"max-age=31536000","access-control-allow-origin":"*","vary":"Accept-Encoding","accept-ranges":"bytes","age":"2089","x-b-ch":"12"},"md5":"fb66e48c4d1aa94b4e7ed21fb4d98c34","encode":"utf-8","mime":"image/png"},{"url":["https://h5-static.helloyo.sg/live/helloyo/fisher-solo/resource/assets/icons/icon-plus.png"],"fitUrl":["https://h5-static.helloyo.sg/live/helloyo/fisher-solo/resource/assets/icons/icon-plus.png"],"path":"/h5-static.helloyo.sg/live/helloyo/fisher-solo/resource/assets/icons/icon-plus.png","header":{"server":"openresty","date":"Thu, 18 Jul 2024 08:30:13 GMT","content-type":"image/png","content-length":"8715","connection":"close","last-modified":"Mon, 20 May 2024 04:21:42 GMT","etag":"\"664acfd6-220b\"","expires":"Fri, 18 Jul 2025 07:55:24 GMT","cache-control":"max-age=31536000","access-control-allow-origin":"*","vary":"Accept-Encoding","accept-ranges":"bytes","age":"2089","x-b-ch":"21"},"md5":"62c80e922b6b56ad74f644916fb7815b","encode":"utf-8","mime":"image/png"},{"url":["https://h5-static.helloyo.sg/live/helloyo/fisher-solo/resource/assets/icons/trans-bean.png"],"fitUrl":["https://h5-static.helloyo.sg/live/helloyo/fisher-solo/resource/assets/icons/trans-bean.png"],"path":"/h5-static.helloyo.sg/live/helloyo/fisher-solo/resource/assets/icons/trans-bean.png","header":{"server":"openresty","date":"Thu, 18 Jul 2024 08:30:13 GMT","content-type":"image/png","content-length":"8037","connection":"close","last-modified":"Mon, 20 May 2024 04:21:42 GMT","etag":"\"664acfd6-1f65\"","expires":"Mon, 14 Jul 2025 11:33:01 GMT","cache-control":"max-age=31536000","access-control-allow-origin":"*","vary":"Accept-Encoding","accept-ranges":"bytes","age":"334632","x-b-ch":"12"},"md5":"d27a7825311b01f322b597074cc00155","encode":"utf-8","mime":"image/png"},{"url":["https://h5-static.helloyo.sg/live/helloyo/fisher-solo/resource/assets/icons/trans-diamond.png"],"fitUrl":["https://h5-static.helloyo.sg/live/helloyo/fisher-solo/resource/assets/icons/trans-diamond.png"],"path":"/h5-static.helloyo.sg/live/helloyo/fisher-solo/resource/assets/icons/trans-diamond.png","header":{"server":"openresty","date":"Thu, 18 Jul 2024 08:30:13 GMT","content-type":"image/png","content-length":"7983","connection":"close","last-modified":"Mon, 20 May 2024 04:21:42 GMT","etag":"\"664acfd6-1f2f\"","expires":"Sat, 12 Jul 2025 17:52:57 GMT","cache-control":"max-age=31536000","access-control-allow-origin":"*","vary":"Accept-Encoding","accept-ranges":"bytes","age":"484636","x-b-ch":"12"},"md5":"67dc43cd082e73a080a4a29c0dadffb2","encode":"utf-8","mime":"image/png"},{"url":["https://h5-static.helloyo.sg/live/helloyo/fisher-solo/resource/assets/loading/loading.png"],"fitUrl":["https://h5-static.helloyo.sg/live/helloyo/fisher-solo/resource/assets/loading/loading.png"],"path":"/h5-static.helloyo.sg/live/helloyo/fisher-solo/resource/assets/loading/loading.png","header":{"server":"openresty","date":"Thu, 18 Jul 2024 08:30:13 GMT","content-type":"image/png","content-length":"9684","connection":"close","last-modified":"Mon, 20 May 2024 04:21:42 GMT","etag":"\"664acfd6-25d4\"","expires":"Tue, 15 Jul 2025 01:27:08 GMT","cache-control":"max-age=31536000","access-control-allow-origin":"*","vary":"Accept-Encoding","accept-ranges":"bytes","age":"284585","x-b-ch":"12"},"md5":"cd39fb688d037fd9913840fe4285446c","encode":"utf-8","mime":"image/png"},{"url":["https://h5-static.helloyo.sg/live/helloyo/fisher-solo/resource/assets/net/net1_tex.png"],"fitUrl":["https://h5-static.helloyo.sg/live/helloyo/fisher-solo/resource/assets/net/net1_tex.png"],"path":"/h5-static.helloyo.sg/live/helloyo/fisher-solo/resource/assets/net/net1_tex.png","header":{"server":"openresty","date":"Thu, 18 Jul 2024 08:30:13 GMT","content-type":"image/png","content-length":"11625","connection":"close","last-modified":"Mon, 20 May 2024 04:21:42 GMT","etag":"\"664acfd6-2d69\"","expires":"Sun, 13 Jul 2025 12:38:25 GMT","cache-control":"max-age=31536000","access-control-allow-origin":"*","vary":"Accept-Encoding","accept-ranges":"bytes","age":"417108","x-b-ch":"12"},"md5":"7a9a68d1f2a991bd2a5c38b7b9348e99","encode":"utf-8","mime":"image/png"},{"url":["https://h5-static.helloyo.sg/live/helloyo/fisher-solo/resource/assets/rules/fish-1.png"],"fitUrl":["https://h5-static.helloyo.sg/live/helloyo/fisher-solo/resource/assets/rules/fish-1.png"],"path":"/h5-static.helloyo.sg/live/helloyo/fisher-solo/resource/assets/rules/fish-1.png","header":{"server":"openresty","date":"Thu, 18 Jul 2024 08:30:13 GMT","content-type":"image/png","content-length":"4990","connection":"close","last-modified":"Mon, 20 May 2024 04:21:42 GMT","etag":"\"664acfd6-137e\"","expires":"Fri, 18 Jul 2025 07:55:24 GMT","cache-control":"max-age=31536000","access-control-allow-origin":"*","vary":"Accept-Encoding","accept-ranges":"bytes","age":"2089","x-b-ch":"12"},"md5":"b18aa1bcd265ccae0d95d7bafa3b1da1","encode":"utf-8","mime":"image/png"},{"url":["https://h5-static.helloyo.sg/live/helloyo/fisher-solo/resource/assets/rules/fish-2.png"],"fitUrl":["https://h5-static.helloyo.sg/live/helloyo/fisher-solo/resource/assets/rules/fish-2.png"],"path":"/h5-static.helloyo.sg/live/helloyo/fisher-solo/resource/assets/rules/fish-2.png","header":{"server":"openresty","date":"Thu, 18 Jul 2024 08:30:13 GMT","content-type":"image/png","content-length":"8059","connection":"close","last-modified":"Mon, 20 May 2024 04:21:42 GMT","etag":"\"664acfd6-1f7b\"","expires":"Fri, 18 Jul 2025 07:55:24 GMT","cache-control":"max-age=31536000","access-control-allow-origin":"*","vary":"Accept-Encoding","accept-ranges":"bytes","age":"2089","x-b-ch":"22"},"md5":"572bfe29e61dd394b818ebe9907612eb","encode":"utf-8","mime":"image/png"},{"url":["https://h5-static.helloyo.sg/live/helloyo/fisher-solo/resource/assets/rules/icon_ratio.png"],"fitUrl":["https://h5-static.helloyo.sg/live/helloyo/fisher-solo/resource/assets/rules/icon_ratio.png"],"path":"/h5-static.helloyo.sg/live/helloyo/fisher-solo/resource/assets/rules/icon_ratio.png","header":{"server":"openresty","date":"Thu, 18 Jul 2024 08:30:13 GMT","content-type":"image/png","content-length":"945","connection":"close","last-modified":"Mon, 20 May 2024 04:21:42 GMT","etag":"\"664acfd6-3b1\"","expires":"Fri, 18 Jul 2025 07:55:24 GMT","cache-control":"max-age=31536000","access-control-allow-origin":"*","vary":"Accept-Encoding","accept-ranges":"bytes","age":"2089","x-b-ch":"12"},"md5":"be931292e119ba4e837017f331357b98","encode":"utf-8","mime":"image/png"},{"url":["https://h5-static.helloyo.sg/live/helloyo/fisher-solo/resource/assets/rules/td_even.png"],"fitUrl":["https://h5-static.helloyo.sg/live/helloyo/fisher-solo/resource/assets/rules/td_even.png"],"path":"/h5-static.helloyo.sg/live/helloyo/fisher-solo/resource/assets/rules/td_even.png","header":{"server":"openresty","date":"Thu, 18 Jul 2024 08:30:13 GMT","content-type":"image/png","content-length":"106","connection":"close","last-modified":"Mon, 20 May 2024 04:21:42 GMT","etag":"\"664acfd6-6a\"","expires":"Fri, 18 Jul 2025 07:55:24 GMT","cache-control":"max-age=31536000","access-control-allow-origin":"*","vary":"Accept-Encoding","accept-ranges":"bytes","age":"2089","x-b-ch":"22"},"md5":"068e1e008bcd47d50e308c482cab1a61","encode":"utf-8","mime":"image/png"},{"url":["https://h5-static.helloyo.sg/live/helloyo/fisher-solo/resource/assets/rules/td_even_end.png"],"fitUrl":["https://h5-static.helloyo.sg/live/helloyo/fisher-solo/resource/assets/rules/td_even_end.png"],"path":"/h5-static.helloyo.sg/live/helloyo/fisher-solo/resource/assets/rules/td_even_end.png","header":{"server":"openresty","date":"Thu, 18 Jul 2024 08:30:13 GMT","content-type":"image/png","content-length":"752","connection":"close","last-modified":"Mon, 20 May 2024 04:21:42 GMT","etag":"\"664acfd6-2f0\"","expires":"Fri, 18 Jul 2025 07:55:24 GMT","cache-control":"max-age=31536000","access-control-allow-origin":"*","vary":"Accept-Encoding","accept-ranges":"bytes","age":"2089","x-b-ch":"12"},"md5":"178b9ed67b9cb07ad4f015c634d3fb8c","encode":"utf-8","mime":"image/png"},{"url":["https://h5-static.helloyo.sg/live/helloyo/fisher-solo/resource/assets/rules/td_odd.png"],"fitUrl":["https://h5-static.helloyo.sg/live/helloyo/fisher-solo/resource/assets/rules/td_odd.png"],"path":"/h5-static.helloyo.sg/live/helloyo/fisher-solo/resource/assets/rules/td_odd.png","header":{"server":"openresty","date":"Thu, 18 Jul 2024 08:30:13 GMT","content-type":"image/png","content-length":"106","connection":"close","last-modified":"Mon, 20 May 2024 04:21:42 GMT","etag":"\"664acfd6-6a\"","expires":"Fri, 18 Jul 2025 07:55:24 GMT","cache-control":"max-age=31536000","access-control-allow-origin":"*","vary":"Accept-Encoding","accept-ranges":"bytes","age":"2089","x-b-ch":"22"},"md5":"b2401ed70b8ab39dead0486898eea751","encode":"utf-8","mime":"image/png"},{"url":["https://h5-static.helloyo.sg/live/helloyo/fisher-solo/resource/assets/rules/td_odd_end.png"],"fitUrl":["https://h5-static.helloyo.sg/live/helloyo/fisher-solo/resource/assets/rules/td_odd_end.png"],"path":"/h5-static.helloyo.sg/live/helloyo/fisher-solo/resource/assets/rules/td_odd_end.png","header":{"server":"openresty","date":"Thu, 18 Jul 2024 08:30:13 GMT","content-type":"image/png","content-length":"756","connection":"close","last-modified":"Mon, 20 May 2024 04:21:42 GMT","etag":"\"664acfd6-2f4\"","expires":"Fri, 18 Jul 2025 07:55:24 GMT","cache-control":"max-age=31536000","access-control-allow-origin":"*","vary":"Accept-Encoding","accept-ranges":"bytes","age":"2089","x-b-ch":"22"},"md5":"95256b8663b60f1efa517788eedc5eb2","encode":"utf-8","mime":"image/png"},{"url":["https://h5-static.helloyo.sg/live/helloyo/fisher-solo/resource/assets/rules/th_bg.png"],"fitUrl":["https://h5-static.helloyo.sg/live/helloyo/fisher-solo/resource/assets/rules/th_bg.png"],"path":"/h5-static.helloyo.sg/live/helloyo/fisher-solo/resource/assets/rules/th_bg.png","header":{"server":"openresty","date":"Thu, 18 Jul 2024 08:30:13 GMT","content-type":"image/png","content-length":"556","connection":"close","last-modified":"Mon, 20 May 2024 04:21:42 GMT","etag":"\"664acfd6-22c\"","expires":"Fri, 18 Jul 2025 07:55:24 GMT","cache-control":"max-age=31536000","access-control-allow-origin":"*","vary":"Accept-Encoding","accept-ranges":"bytes","age":"2089","x-b-ch":"12"},"md5":"0b4feccfd3d4ae510fd082060f7ef0d5","encode":"utf-8","mime":"image/png"},{"url":["https://h5-static.helloyo.sg/live/helloyo/fisher-solo/resource/assets/waves/banner_bg/bg_tex.png"],"fitUrl":["https://h5-static.helloyo.sg/live/helloyo/fisher-solo/resource/assets/waves/banner_bg/bg_tex.png"],"path":"/h5-static.helloyo.sg/live/helloyo/fisher-solo/resource/assets/waves/banner_bg/bg_tex.png","header":{"server":"openresty","date":"Thu, 18 Jul 2024 08:30:13 GMT","content-type":"image/png","content-length":"6974","connection":"close","last-modified":"Mon, 20 May 2024 04:21:43 GMT","etag":"\"664acfd7-1b3e\"","expires":"Mon, 14 Jul 2025 01:12:21 GMT","cache-control":"max-age=31536000","access-control-allow-origin":"*","vary":"Accept-Encoding","accept-ranges":"bytes","age":"371872","x-b-ch":"12"},"md5":"3d2f4400b874a3947bf1597259ef7938","encode":"utf-8","mime":"image/png"},{"url":["https://h5-static.helloyo.sg/live/helloyo/fisher-solo/resource/eui/eui_images/Button/button_cancel.png"],"fitUrl":["https://h5-static.helloyo.sg/live/helloyo/fisher-solo/resource/eui/eui_images/Button/button_cancel.png"],"path":"/h5-static.helloyo.sg/live/helloyo/fisher-solo/resource/eui/eui_images/Button/button_cancel.png","header":{"server":"openresty","date":"Thu, 18 Jul 2024 08:30:13 GMT","content-type":"image/png","content-length":"7007","connection":"close","last-modified":"Mon, 20 May 2024 04:21:43 GMT","etag":"\"664acfd7-1b5f\"","expires":"Tue, 15 Jul 2025 23:46:22 GMT","cache-control":"max-age=31536000","access-control-allow-origin":"*","vary":"Accept-Encoding","accept-ranges":"bytes","age":"204231","x-b-ch":"12"},"md5":"e9d03a6c7d43726501bb5f0862425bee","encode":"utf-8","mime":"image/png"},{"url":["https://h5-static.helloyo.sg/live/helloyo/fisher-solo/resource/eui/eui_images/Button/button_confirm.png"],"fitUrl":["https://h5-static.helloyo.sg/live/helloyo/fisher-solo/resource/eui/eui_images/Button/button_confirm.png"],"path":"/h5-static.helloyo.sg/live/helloyo/fisher-solo/resource/eui/eui_images/Button/button_confirm.png","header":{"server":"openresty","date":"Thu, 18 Jul 2024 08:30:13 GMT","content-type":"image/png","content-length":"7926","connection":"close","last-modified":"Mon, 20 May 2024 04:21:43 GMT","etag":"\"664acfd7-1ef6\"","expires":"Mon, 14 Jul 2025 00:57:48 GMT","cache-control":"max-age=31536000","access-control-allow-origin":"*","vary":"Accept-Encoding","accept-ranges":"bytes","age":"372745","x-b-ch":"12"},"md5":"7c78041411677ef0cd6e41e2c3f2a254","encode":"utf-8","mime":"image/png"},{"url":["https://h5-static.helloyo.sg/live/helloyo/fisher-solo/resource/eui/eui_images/CheckBox/checkbox_select_disabled.png"],"fitUrl":["https://h5-static.helloyo.sg/live/helloyo/fisher-solo/resource/eui/eui_images/CheckBox/checkbox_select_disabled.png"],"path":"/h5-static.helloyo.sg/live/helloyo/fisher-solo/resource/eui/eui_images/CheckBox/checkbox_select_disabled.png","header":{"server":"openresty","date":"Thu, 18 Jul 2024 08:30:13 GMT","content-type":"image/png","content-length":"1251","connection":"close","last-modified":"Mon, 20 May 2024 04:21:43 GMT","etag":"\"664acfd7-4e3\"","expires":"Mon, 14 Jul 2025 02:16:59 GMT","cache-control":"max-age=31536000","access-control-allow-origin":"*","vary":"Accept-Encoding","accept-ranges":"bytes","age":"367994","x-b-ch":"12"},"md5":"dd9aa43f0bf6cbb969f7cfa238734ee9","encode":"utf-8","mime":"image/png"},{"url":["https://h5-static.helloyo.sg/live/helloyo/fisher-solo/resource/eui/eui_images/CheckBox/checkbox_select_down.png"],"fitUrl":["https://h5-static.helloyo.sg/live/helloyo/fisher-solo/resource/eui/eui_images/CheckBox/checkbox_select_down.png"],"path":"/h5-static.helloyo.sg/live/helloyo/fisher-solo/resource/eui/eui_images/CheckBox/checkbox_select_down.png","header":{"server":"openresty","date":"Thu, 18 Jul 2024 08:30:13 GMT","content-type":"image/png","content-length":"1243","connection":"close","last-modified":"Mon, 20 May 2024 04:21:43 GMT","etag":"\"664acfd7-4db\"","expires":"Sun, 13 Jul 2025 10:57:22 GMT","cache-control":"max-age=31536000","access-control-allow-origin":"*","vary":"Accept-Encoding","accept-ranges":"bytes","age":"423171","x-b-ch":"12"},"md5":"71e5f029838a1b6ffc11198097555e4b","encode":"utf-8","mime":"image/png"},{"url":["https://h5-static.helloyo.sg/live/helloyo/fisher-solo/resource/eui/eui_images/CheckBox/checkbox_select_up.png"],"fitUrl":["https://h5-static.helloyo.sg/live/helloyo/fisher-solo/resource/eui/eui_images/CheckBox/checkbox_select_up.png"],"path":"/h5-static.helloyo.sg/live/helloyo/fisher-solo/resource/eui/eui_images/CheckBox/checkbox_select_up.png","header":{"server":"openresty","date":"Thu, 18 Jul 2024 08:30:13 GMT","content-type":"image/png","content-length":"1346","connection":"close","last-modified":"Mon, 20 May 2024 04:21:43 GMT","etag":"\"664acfd7-542\"","expires":"Mon, 14 Jul 2025 14:27:47 GMT","cache-control":"max-age=31536000","access-control-allow-origin":"*","vary":"Accept-Encoding","accept-ranges":"bytes","age":"324146","x-b-ch":"12"},"md5":"a020101cf37354bf64404fe95b5128c2","encode":"utf-8","mime":"image/png"},{"url":["https://h5-static.helloyo.sg/live/helloyo/fisher-solo/resource/eui/eui_images/CheckBox/checkbox_unselect.png"],"fitUrl":["https://h5-static.helloyo.sg/live/helloyo/fisher-solo/resource/eui/eui_images/CheckBox/checkbox_unselect.png"],"path":"/h5-static.helloyo.sg/live/helloyo/fisher-solo/resource/eui/eui_images/CheckBox/checkbox_unselect.png","header":{"server":"openresty","date":"Thu, 18 Jul 2024 08:30:13 GMT","content-type":"image/png","content-length":"570","connection":"close","last-modified":"Mon, 20 May 2024 04:21:43 GMT","etag":"\"664acfd7-23a\"","expires":"Mon, 14 Jul 2025 17:29:30 GMT","cache-control":"max-age=31536000","access-control-allow-origin":"*","vary":"Accept-Encoding","accept-ranges":"bytes","age":"313243","x-b-ch":"12"},"md5":"ad1cdba9fbbbad2c40ef3851041ff6bd","encode":"utf-8","mime":"image/png"},{"url":["https://h5-static.helloyo.sg/live/helloyo/fisher-solo/resource/eui/eui_images/ItemRenderer/selected.png"],"fitUrl":["https://h5-static.helloyo.sg/live/helloyo/fisher-solo/resource/eui/eui_images/ItemRenderer/selected.png"],"path":"/h5-static.helloyo.sg/live/helloyo/fisher-solo/resource/eui/eui_images/ItemRenderer/selected.png","header":{"server":"openresty","date":"Thu, 18 Jul 2024 08:30:13 GMT","content-type":"image/png","content-length":"938","connection":"close","last-modified":"Mon, 20 May 2024 04:21:43 GMT","etag":"\"664acfd7-3aa\"","expires":"Mon, 14 Jul 2025 19:09:28 GMT","cache-control":"max-age=31536000","access-control-allow-origin":"*","vary":"Accept-Encoding","accept-ranges":"bytes","age":"307245","x-b-ch":"12"},"md5":"94efb85255bad50f4b5c1b44f7190d0d","encode":"utf-8","mime":"image/png"},{"url":["https://h5-static.helloyo.sg/live/helloyo/fisher-solo/resource/eui/eui_images/Panel/header.png"],"fitUrl":["https://h5-static.helloyo.sg/live/helloyo/fisher-solo/resource/eui/eui_images/Panel/header.png"],"path":"/h5-static.helloyo.sg/live/helloyo/fisher-solo/resource/eui/eui_images/Panel/header.png","header":{"server":"openresty","date":"Thu, 18 Jul 2024 08:30:13 GMT","content-type":"image/png","content-length":"7301","connection":"close","last-modified":"Mon, 20 May 2024 04:21:43 GMT","etag":"\"664acfd7-1c85\"","expires":"Tue, 15 Jul 2025 17:27:28 GMT","cache-control":"max-age=31536000","access-control-allow-origin":"*","vary":"Accept-Encoding","accept-ranges":"bytes","age":"226965","x-b-ch":"12"},"md5":"7bcdaeb9b82396a0250776625f65d6e6","encode":"utf-8","mime":"image/png"},{"url":["https://h5-static.helloyo.sg/live/helloyo/fisher-solo/resource/eui/eui_images/ProgressBar/thumb_pb.png"],"fitUrl":["https://h5-static.helloyo.sg/live/helloyo/fisher-solo/resource/eui/eui_images/ProgressBar/thumb_pb.png"],"path":"/h5-static.helloyo.sg/live/helloyo/fisher-solo/resource/eui/eui_images/ProgressBar/thumb_pb.png","header":{"server":"openresty","date":"Thu, 18 Jul 2024 08:30:13 GMT","content-type":"image/png","content-length":"976","connection":"close","last-modified":"Mon, 20 May 2024 04:21:43 GMT","etag":"\"664acfd7-3d0\"","expires":"Mon, 14 Jul 2025 03:57:33 GMT","cache-control":"max-age=31536000","access-control-allow-origin":"*","vary":"Accept-Encoding","accept-ranges":"bytes","age":"361960","x-b-ch":"12"},"md5":"903295905d99cabc4c2b679959d55373","encode":"utf-8","mime":"image/png"},{"url":["https://h5-static.helloyo.sg/live/helloyo/fisher-solo/resource/eui/eui_images/ProgressBar/track_pb.png"],"fitUrl":["https://h5-static.helloyo.sg/live/helloyo/fisher-solo/resource/eui/eui_images/ProgressBar/track_pb.png"],"path":"/h5-static.helloyo.sg/live/helloyo/fisher-solo/resource/eui/eui_images/ProgressBar/track_pb.png","header":{"server":"openresty","date":"Thu, 18 Jul 2024 08:30:13 GMT","content-type":"image/png","content-length":"970","connection":"close","last-modified":"Mon, 20 May 2024 04:21:43 GMT","etag":"\"664acfd7-3ca\"","expires":"Mon, 14 Jul 2025 14:50:05 GMT","cache-control":"max-age=31536000","access-control-allow-origin":"*","vary":"Accept-Encoding","accept-ranges":"bytes","age":"322808","x-b-ch":"12"},"md5":"60e6154d678d5e516dfe3f84b47dd894","encode":"utf-8","mime":"image/png"},{"url":["https://h5-static.helloyo.sg/live/helloyo/fisher-solo/resource/eui/eui_images/RadioButton/radiobutton_select_disabled.png"],"fitUrl":["https://h5-static.helloyo.sg/live/helloyo/fisher-solo/resource/eui/eui_images/RadioButton/radiobutton_select_disabled.png"],"path":"/h5-static.helloyo.sg/live/helloyo/fisher-solo/resource/eui/eui_images/RadioButton/radiobutton_select_disabled.png","header":{"server":"openresty","date":"Thu, 18 Jul 2024 08:30:13 GMT","content-type":"image/png","content-length":"1687","connection":"close","last-modified":"Mon, 20 May 2024 04:21:43 GMT","etag":"\"664acfd7-697\"","expires":"Mon, 14 Jul 2025 07:37:38 GMT","cache-control":"max-age=31536000","access-control-allow-origin":"*","vary":"Accept-Encoding","accept-ranges":"bytes","age":"348755","x-b-ch":"12"},"md5":"725d226305491301ca8cce8aa68d08d6","encode":"utf-8","mime":"image/png"},{"url":["https://h5-static.helloyo.sg/live/helloyo/fisher-solo/resource/eui/eui_images/RadioButton/radiobutton_unselect.png"],"fitUrl":["https://h5-static.helloyo.sg/live/helloyo/fisher-solo/resource/eui/eui_images/RadioButton/radiobutton_unselect.png"],"path":"/h5-static.helloyo.sg/live/helloyo/fisher-solo/resource/eui/eui_images/RadioButton/radiobutton_unselect.png","header":{"server":"openresty","date":"Thu, 18 Jul 2024 08:30:13 GMT","content-type":"image/png","content-length":"1325","connection":"close","last-modified":"Mon, 20 May 2024 04:21:43 GMT","etag":"\"664acfd7-52d\"","expires":"Mon, 14 Jul 2025 23:47:39 GMT","cache-control":"max-age=31536000","access-control-allow-origin":"*","vary":"Accept-Encoding","accept-ranges":"bytes","age":"290554","x-b-ch":"12"},"md5":"cd40270b37ab3a5248ea2c61f883934c","encode":"utf-8","mime":"image/png"},{"url":["https://h5-static.helloyo.sg/live/helloyo/fisher-solo/resource/eui/eui_images/ScrollBar/roundthumb.png"],"fitUrl":["https://h5-static.helloyo.sg/live/helloyo/fisher-solo/resource/eui/eui_images/ScrollBar/roundthumb.png"],"path":"/h5-static.helloyo.sg/live/helloyo/fisher-solo/resource/eui/eui_images/ScrollBar/roundthumb.png","header":{"server":"openresty","date":"Thu, 18 Jul 2024 08:30:13 GMT","content-type":"image/png","content-length":"179","connection":"close","last-modified":"Mon, 20 May 2024 04:21:43 GMT","etag":"\"664acfd7-b3\"","expires":"Tue, 15 Jul 2025 01:27:06 GMT","cache-control":"max-age=31536000","access-control-allow-origin":"*","vary":"Accept-Encoding","accept-ranges":"bytes","age":"284588","x-b-ch":"12"},"md5":"d08767deb1f482fdd8209718f476a28f","encode":"utf-8","mime":"image/png"},{"url":["https://h5-static.helloyo.sg/live/helloyo/fisher-solo/resource/eui/eui_images/ScrollBar/track_sb.png"],"fitUrl":["https://h5-static.helloyo.sg/live/helloyo/fisher-solo/resource/eui/eui_images/ScrollBar/track_sb.png"],"path":"/h5-static.helloyo.sg/live/helloyo/fisher-solo/resource/eui/eui_images/ScrollBar/track_sb.png","header":{"server":"openresty","date":"Thu, 18 Jul 2024 08:30:13 GMT","content-type":"image/png","content-length":"933","connection":"close","last-modified":"Mon, 20 May 2024 04:21:43 GMT","etag":"\"664acfd7-3a5\"","expires":"Tue, 15 Jul 2025 01:27:06 GMT","cache-control":"max-age=31536000","access-control-allow-origin":"*","vary":"Accept-Encoding","accept-ranges":"bytes","age":"284587","x-b-ch":"12"},"md5":"541048214115efe2a7a2750cde6b4e54","encode":"utf-8","mime":"image/png"},{"url":["https://h5-static.helloyo.sg/live/helloyo/fisher-solo/resource/eui/eui_images/RadioButton/radiobutton_select_down.png"],"fitUrl":["https://h5-static.helloyo.sg/live/helloyo/fisher-solo/resource/eui/eui_images/RadioButton/radiobutton_select_down.png"],"path":"/h5-static.helloyo.sg/live/helloyo/fisher-solo/resource/eui/eui_images/RadioButton/radiobutton_select_down.png","header":{"server":"openresty","date":"Thu, 18 Jul 2024 08:30:13 GMT","content-type":"image/png","content-length":"1687","connection":"close","last-modified":"Mon, 20 May 2024 04:21:43 GMT","etag":"\"664acfd7-697\"","expires":"Tue, 15 Jul 2025 18:44:43 GMT","cache-control":"max-age=31536000","access-control-allow-origin":"*","vary":"Accept-Encoding","accept-ranges":"bytes","age":"222330","x-b-ch":"12"},"md5":"725d226305491301ca8cce8aa68d08d6","encode":"utf-8","mime":"image/png"},{"url":["https://h5-static.helloyo.sg/live/helloyo/fisher-solo/resource/eui/eui_images/Slider/tracklight.png"],"fitUrl":["https://h5-static.helloyo.sg/live/helloyo/fisher-solo/resource/eui/eui_images/Slider/tracklight.png"],"path":"/h5-static.helloyo.sg/live/helloyo/fisher-solo/resource/eui/eui_images/Slider/tracklight.png","header":{"server":"openresty","date":"Thu, 18 Jul 2024 08:30:13 GMT","content-type":"image/png","content-length":"933","connection":"close","last-modified":"Mon, 20 May 2024 04:21:43 GMT","etag":"\"664acfd7-3a5\"","expires":"Sun, 13 Jul 2025 23:14:19 GMT","cache-control":"max-age=31536000","access-control-allow-origin":"*","vary":"Accept-Encoding","accept-ranges":"bytes","age":"378954","x-b-ch":"12"},"md5":"5f550ff68f1240501f035fdc0eda0843","encode":"utf-8","mime":"image/png"},{"url":["https://h5-static.helloyo.sg/live/helloyo/fisher-solo/resource/eui/eui_images/ToggleSwitch/off.png"],"fitUrl":["https://h5-static.helloyo.sg/live/helloyo/fisher-solo/resource/eui/eui_images/ToggleSwitch/off.png"],"path":"/h5-static.helloyo.sg/live/helloyo/fisher-solo/resource/eui/eui_images/ToggleSwitch/off.png","header":{"server":"openresty","date":"Thu, 18 Jul 2024 08:30:13 GMT","content-type":"image/png","content-length":"1274","connection":"close","last-modified":"Mon, 20 May 2024 04:21:43 GMT","etag":"\"664acfd7-4fa\"","expires":"Tue, 15 Jul 2025 21:49:41 GMT","cache-control":"max-age=31536000","access-control-allow-origin":"*","vary":"Accept-Encoding","accept-ranges":"bytes","age":"211232","x-b-ch":"12"},"md5":"808df10161bd36abd6600f16e131aca3","encode":"utf-8","mime":"image/png"},{"url":["https://h5-static.helloyo.sg/live/helloyo/fisher-solo/resource/eui/eui_images/Slider/track.png"],"fitUrl":["https://h5-static.helloyo.sg/live/helloyo/fisher-solo/resource/eui/eui_images/Slider/track.png"],"path":"/h5-static.helloyo.sg/live/helloyo/fisher-solo/resource/eui/eui_images/Slider/track.png","header":{"server":"openresty","date":"Thu, 18 Jul 2024 08:30:13 GMT","content-type":"image/png","content-length":"933","connection":"close","last-modified":"Mon, 20 May 2024 04:21:43 GMT","etag":"\"664acfd7-3a5\"","expires":"Sun, 13 Jul 2025 19:07:59 GMT","cache-control":"max-age=31536000","access-control-allow-origin":"*","vary":"Accept-Encoding","accept-ranges":"bytes","age":"393734","x-b-ch":"12"},"md5":"541048214115efe2a7a2750cde6b4e54","encode":"utf-8","mime":"image/png"},{"url":["https://h5-static.helloyo.sg/live/helloyo/fisher-solo/resource/eui/eui_images/ToggleSwitch/handle.png"],"fitUrl":["https://h5-static.helloyo.sg/live/helloyo/fisher-solo/resource/eui/eui_images/ToggleSwitch/handle.png"],"path":"/h5-static.helloyo.sg/live/helloyo/fisher-solo/resource/eui/eui_images/ToggleSwitch/handle.png","header":{"server":"openresty","date":"Thu, 18 Jul 2024 08:30:13 GMT","content-type":"image/png","content-length":"1153","connection":"close","last-modified":"Mon, 20 May 2024 04:21:43 GMT","etag":"\"664acfd7-481\"","expires":"Mon, 14 Jul 2025 09:18:09 GMT","cache-control":"max-age=31536000","access-control-allow-origin":"*","vary":"Accept-Encoding","accept-ranges":"bytes","age":"342724","x-b-ch":"12"},"md5":"1b0a0f006c66a7264ab62a897076bd12","encode":"utf-8","mime":"image/png"},{"url":["https://h5-static.helloyo.sg/live/helloyo/fisher-solo/resource/eui/eui_images/RadioButton/radiobutton_select_up.png"],"fitUrl":["https://h5-static.helloyo.sg/live/helloyo/fisher-solo/resource/eui/eui_images/RadioButton/radiobutton_select_up.png"],"path":"/h5-static.helloyo.sg/live/helloyo/fisher-solo/resource/eui/eui_images/RadioButton/radiobutton_select_up.png","header":{"server":"openresty","date":"Thu, 18 Jul 2024 08:30:13 GMT","content-type":"image/png","content-length":"1457","connection":"close","last-modified":"Mon, 20 May 2024 04:21:43 GMT","etag":"\"664acfd7-5b1\"","expires":"Mon, 14 Jul 2025 14:27:48 GMT","cache-control":"max-age=31536000","access-control-allow-origin":"*","vary":"Accept-Encoding","accept-ranges":"bytes","age":"324145","x-b-ch":"12"},"md5":"bf16aacfe9b30037835e1c6482eee507","encode":"utf-8","mime":"image/png"},{"url":["https://h5-static.helloyo.sg/live/helloyo/fisher-solo/resource/eui/eui_images/Slider/thumb.png"],"fitUrl":["https://h5-static.helloyo.sg/live/helloyo/fisher-solo/resource/eui/eui_images/Slider/thumb.png"],"path":"/h5-static.helloyo.sg/live/helloyo/fisher-solo/resource/eui/eui_images/Slider/thumb.png","header":{"server":"openresty","date":"Thu, 18 Jul 2024 08:30:13 GMT","content-type":"image/png","content-length":"1258","connection":"close","last-modified":"Mon, 20 May 2024 04:21:43 GMT","etag":"\"664acfd7-4ea\"","expires":"Sun, 13 Jul 2025 19:07:59 GMT","cache-control":"max-age=31536000","access-control-allow-origin":"*","vary":"Accept-Encoding","accept-ranges":"bytes","age":"393734","x-b-ch":"12"},"md5":"ac46ad4174244342194e74667d57cf1d","encode":"utf-8","mime":"image/png"},{"url":["https://h5-static.helloyo.sg/live/helloyo/fisher-solo/resource/eui/eui_images/ToggleSwitch/on.png"],"fitUrl":["https://h5-static.helloyo.sg/live/helloyo/fisher-solo/resource/eui/eui_images/ToggleSwitch/on.png"],"path":"/h5-static.helloyo.sg/live/helloyo/fisher-solo/resource/eui/eui_images/ToggleSwitch/on.png","header":{"server":"openresty","date":"Thu, 18 Jul 2024 08:30:13 GMT","content-type":"image/png","content-length":"1275","connection":"close","last-modified":"Mon, 20 May 2024 04:21:43 GMT","etag":"\"664acfd7-4fb\"","expires":"Tue, 15 Jul 2025 01:27:06 GMT","cache-control":"max-age=31536000","access-control-allow-origin":"*","vary":"Accept-Encoding","accept-ranges":"bytes","age":"284587","x-b-ch":"12"},"md5":"1dccf23d316f65d77c6497d3de987b1d","encode":"utf-8","mime":"image/png"}]}
