{"resources":[{"url":["https://h5-static.helloyo.sg/live/helloyo/app-common/assets-load-monitor/2.5.6/assets-load-monitor-init.min.js"],"fitUrl":["https://h5-static.helloyo.sg/live/helloyo/app-common/assets-load-monitor/2.5.6/assets-load-monitor-init.min.js"],"path":"/h5-static.helloyo.sg/live/helloyo/app-common/assets-load-monitor/2.5.6/assets-load-monitor-init.min.js","header":{"date":"Mon, 13 Oct 2025 06:10:01 GMT","content-encoding":"br","last-modified":"Wed, 19 Mar 2025 09:16:34 GMT","server":"nginx","age":"303909","vary":"Accept-Encoding","content-type":"application/javascript; charset=utf-8","access-control-allow-origin":"*","cache-control":"max-age=31536000","x-b-ch":"12","content-length":"27398"},"md5":"09736d0ac247de6cd8a6a691b6b781a0","encode":"utf-8","mime":"text/javascript"},{"url":["https://h5-static.helloyo.sg/live/helloyo/app-common/flexible.min.js"],"fitUrl":["https://h5-static.helloyo.sg/live/helloyo/app-common/flexible.min.js"],"path":"/h5-static.helloyo.sg/live/helloyo/app-common/flexible.min.js","header":{"date":"Mon, 13 Oct 2025 06:10:01 GMT","content-encoding":"br","last-modified":"Wed, 19 Mar 2025 09:16:34 GMT","server":"nginx","age":"201778","vary":"Accept-Encoding","content-type":"application/javascript; charset=utf-8","access-control-allow-origin":"*","cache-control":"max-age=31536000","x-b-ch":"12","content-length":"1167"},"md5":"721c1c11c765741d42ac2c4c1d3c0feb","encode":"utf-8","mime":"text/javascript"},{"url":["https://h5-static.helloyo.sg/live/helloyo/app-72118-fW2iUi/css/index.4734ce82.css"],"fitUrl":["https://h5-static.helloyo.sg/live/helloyo/app-72118-fW2iUi/css/index.4734ce82.css"],"path":"/h5-static.helloyo.sg/live/helloyo/app-72118-fW2iUi/css/index.4734ce82.css","header":{"date":"Mon, 13 Oct 2025 06:10:01 GMT","content-encoding":"br","last-modified":"Wed, 16 Apr 2025 06:49:12 GMT","server":"nginx","age":"52","vary":"Accept-Encoding","content-type":"text/css","access-control-allow-origin":"*","cache-control":"max-age=31536000","x-b-ch":"21","content-length":"3927"},"md5":"56d66156c613365b8c7b54377508779c","encode":"utf-8","mime":"text/css"},{"url":["https://h5-static.helloyo.sg/live/helloyo/app-common/bigo-logger.js.html"],"fitUrl":["https://h5-static.helloyo.sg/live/helloyo/app-common/bigo-logger.js.html"],"path":"/h5-static.helloyo.sg/live/helloyo/app-common/bigo-logger.js.html","header":{"date":"Mon, 13 Oct 2025 06:10:01 GMT","content-encoding":"br","last-modified":"Wed, 19 Mar 2025 09:16:35 GMT","server":"nginx","age":"23","etag":"4he/21tupXPKWzpK.html","vary":"Accept-Encoding","content-type":"text/html; charset=utf-8","access-control-allow-origin":"*","cache-control":"max-age=60","x-b-ch":"12","content-length":"31542"},"md5":"abbf1b1baf9dae225ed3526d4c1c70bd","encode":"utf-8","mime":"text/html"},{"url":["https://h5-static.helloyo.sg/live/helloyo/app-common/mark/1.0.0/hello.fun.min.js"],"fitUrl":["https://h5-static.helloyo.sg/live/helloyo/app-common/mark/1.0.0/hello.fun.min.js"],"path":"/h5-static.helloyo.sg/live/helloyo/app-common/mark/1.0.0/hello.fun.min.js","header":{"date":"Mon, 13 Oct 2025 06:10:01 GMT","last-modified":"Wed, 19 Mar 2025 09:16:35 GMT","server":"nginx","age":"151077","etag":"4he/21tupXPHTwmJ.js","vary":"Accept-Encoding","content-type":"application/javascript; charset=utf-8","access-control-allow-origin":"*","cache-control":"max-age=31536000","x-b-ch":"12","accept-ranges":"bytes","content-length":"500"},"md5":"aabe7cf0a014268183638868405879ba","encode":"utf-8","mime":"text/javascript"},{"url":["https://h5-static.helloyo.sg/live/helloyo/app-72118-fW2iUi/js/index.16861843.js"],"fitUrl":["https://h5-static.helloyo.sg/live/helloyo/app-72118-fW2iUi/js/index.16861843.js"],"path":"/h5-static.helloyo.sg/live/helloyo/app-72118-fW2iUi/js/index.16861843.js","header":{"date":"Mon, 13 Oct 2025 06:10:01 GMT","content-encoding":"br","last-modified":"Mon, 13 Oct 2025 06:09:06 GMT","server":"nginx","age":"52","vary":"Accept-Encoding","content-type":"application/javascript; charset=utf-8","access-control-allow-origin":"*","cache-control":"max-age=31536000","x-b-ch":"11","content-length":"86575"},"md5":"76070de374b17fa244a852199abde363","encode":"utf-8","mime":"text/javascript"},{"url":["https://h5-static.helloyo.sg/live/helloyo/app-72118-fW2iUi/css/chunk-vendors.1fa30972.css"],"fitUrl":["https://h5-static.helloyo.sg/live/helloyo/app-72118-fW2iUi/css/chunk-vendors.1fa30972.css"],"path":"/h5-static.helloyo.sg/live/helloyo/app-72118-fW2iUi/css/chunk-vendors.1fa30972.css","header":{"date":"Mon, 13 Oct 2025 06:10:01 GMT","content-encoding":"br","last-modified":"Wed, 16 Apr 2025 06:49:12 GMT","server":"nginx","age":"221756","vary":"Accept-Encoding","content-type":"text/css","access-control-allow-origin":"*","cache-control":"max-age=31536000","x-b-ch":"12","content-length":"18223"},"md5":"eea1d61d2bc1ea563266cabbbac98ace","encode":"utf-8","mime":"text/css"},{"url":["https://h5-static.helloyo.sg/live/helloyo/app-common/nativeapi/2.1.12/nativeApi.helloyo.min.js"],"fitUrl":["https://h5-static.helloyo.sg/live/helloyo/app-common/nativeapi/2.1.12/nativeApi.helloyo.min.js"],"path":"/h5-static.helloyo.sg/live/helloyo/app-common/nativeapi/2.1.12/nativeApi.helloyo.min.js","header":{"date":"Mon, 13 Oct 2025 06:10:01 GMT","content-encoding":"br","last-modified":"Mon, 14 Apr 2025 06:59:34 GMT","server":"nginx","age":"228885","vary":"Accept-Encoding","content-type":"application/javascript; charset=utf-8","access-control-allow-origin":"*","cache-control":"max-age=31536000","x-b-ch":"12","content-length":"28861"},"md5":"a28bfafdad1e0613e5ae7cf7c8cc5d69","encode":"utf-8","mime":"text/javascript"},{"url":["https://h5-static.helloyo.sg/live/helloyo/app-common/common_vendor.min.js"],"fitUrl":["https://h5-static.helloyo.sg/live/helloyo/app-common/common_vendor.min.js"],"path":"/h5-static.helloyo.sg/live/helloyo/app-common/common_vendor.min.js","header":{"date":"Mon, 13 Oct 2025 06:10:01 GMT","content-encoding":"br","last-modified":"Wed, 19 Mar 2025 09:16:32 GMT","server":"nginx","age":"303374","vary":"Accept-Encoding","content-type":"application/javascript; charset=utf-8","access-control-allow-origin":"*","cache-control":"max-age=31536000","x-b-ch":"12","content-length":"90352"},"md5":"197b75dae990373ef764b0fc6483c9c8","encode":"utf-8","mime":"text/javascript"},{"url":["https://h5-static.helloyo.sg/live/helloyo/app-72118-fW2iUi/js/chunk-vendors.82a58dee.js"],"fitUrl":["https://h5-static.helloyo.sg/live/helloyo/app-72118-fW2iUi/js/chunk-vendors.82a58dee.js"],"path":"/h5-static.helloyo.sg/live/helloyo/app-72118-fW2iUi/js/chunk-vendors.82a58dee.js","header":{"date":"Mon, 13 Oct 2025 06:10:01 GMT","content-encoding":"br","last-modified":"Mon, 13 Oct 2025 06:09:06 GMT","server":"nginx","age":"52","vary":"Accept-Encoding","content-type":"application/javascript; charset=utf-8","access-control-allow-origin":"*","cache-control":"max-age=31536000","x-b-ch":"21","content-length":"959713"},"md5":"1e88cad59216ea2b72da6b60b46eee3d","encode":"utf-8","mime":"text/javascript"},{"url":["https://h5-static.helloyo.sg/live/helloyo/app-72118-fW2iUi/js/chunk-14db9982.8ef48c13.js"],"fitUrl":["https://h5-static.helloyo.sg/live/helloyo/app-72118-fW2iUi/js/chunk-14db9982.8ef48c13.js"],"path":"/h5-static.helloyo.sg/live/helloyo/app-72118-fW2iUi/js/chunk-14db9982.8ef48c13.js","header":{"server":"openresty","date":"Mon, 13 Oct 2025 06:10:12 GMT","content-type":"application/javascript; charset=utf-8","content-length":"790","connection":"close","accept-ranges":"bytes","last-modified":"Mon, 13 Oct 2025 06:09:06 GMT","etag":"4he/01v8Bk2iMgjv.js","cache-control":"max-age=31536000","access-control-allow-origin":"*","vary":"Accept-Encoding","age":"0","x-b-ch":"0"},"md5":"3e5b849f1787b8c748dcd0bbd00c370b","encode":"utf-8","mime":"text/javascript"},{"url":["https://h5-static.helloyo.sg/live/helloyo/app-72118-fW2iUi/js/chunk-2d0a3e50.a5f72b5f.js"],"fitUrl":["https://h5-static.helloyo.sg/live/helloyo/app-72118-fW2iUi/js/chunk-2d0a3e50.a5f72b5f.js"],"path":"/h5-static.helloyo.sg/live/helloyo/app-72118-fW2iUi/js/chunk-2d0a3e50.a5f72b5f.js","header":{"server":"openresty","date":"Mon, 13 Oct 2025 06:10:12 GMT","content-type":"application/javascript; charset=utf-8","content-length":"2358","connection":"close","accept-ranges":"bytes","last-modified":"Mon, 13 Oct 2025 06:09:07 GMT","etag":"4he/01v8Bk3IwGK0.js","cache-control":"max-age=31536000","access-control-allow-origin":"*","vary":"Accept-Encoding","age":"0","x-b-ch":"0"},"md5":"64463df24c578868897aeb061461b428","encode":"utf-8","mime":"text/javascript"},{"url":["https://h5-static.helloyo.sg/live/helloyo/app-72118-fW2iUi/js/chunk-2d0aba4f.7eb0c066.js"],"fitUrl":["https://h5-static.helloyo.sg/live/helloyo/app-72118-fW2iUi/js/chunk-2d0aba4f.7eb0c066.js"],"path":"/h5-static.helloyo.sg/live/helloyo/app-72118-fW2iUi/js/chunk-2d0aba4f.7eb0c066.js","header":{"server":"openresty","date":"Mon, 13 Oct 2025 06:10:12 GMT","content-type":"application/javascript; charset=utf-8","content-length":"349","connection":"close","accept-ranges":"bytes","last-modified":"Mon, 13 Oct 2025 06:09:06 GMT","etag":"4hd/21v8Bk2Aj2bVp.js","cache-control":"max-age=31536000","access-control-allow-origin":"*","vary":"Accept-Encoding","age":"0","x-b-ch":"0"},"md5":"e9b8aeb807d80e78e13fa3c863638014","encode":"utf-8","mime":"text/javascript"},{"url":["https://h5-static.helloyo.sg/live/helloyo/app-72118-fW2iUi/js/chunk-2d0b9813.1776f863.js"],"fitUrl":["https://h5-static.helloyo.sg/live/helloyo/app-72118-fW2iUi/js/chunk-2d0b9813.1776f863.js"],"path":"/h5-static.helloyo.sg/live/helloyo/app-72118-fW2iUi/js/chunk-2d0b9813.1776f863.js","header":{"server":"openresty","date":"Mon, 13 Oct 2025 06:10:12 GMT","content-type":"application/javascript; charset=utf-8","content-length":"355","connection":"close","accept-ranges":"bytes","last-modified":"Mon, 13 Oct 2025 06:09:06 GMT","etag":"4he/01v8Bk2IwGJm.js","cache-control":"max-age=31536000","access-control-allow-origin":"*","vary":"Accept-Encoding","age":"0","x-b-ch":"0"},"md5":"6c4124154a0c803b3f5eb86fc06cea55","encode":"utf-8","mime":"text/javascript"},{"url":["https://h5-static.helloyo.sg/live/helloyo/app-72118-fW2iUi/js/chunk-2d0c51b6.1e71ee68.js"],"fitUrl":["https://h5-static.helloyo.sg/live/helloyo/app-72118-fW2iUi/js/chunk-2d0c51b6.1e71ee68.js"],"path":"/h5-static.helloyo.sg/live/helloyo/app-72118-fW2iUi/js/chunk-2d0c51b6.1e71ee68.js","header":{"server":"openresty","date":"Mon, 13 Oct 2025 06:10:12 GMT","content-type":"application/javascript; charset=utf-8","content-length":"1301","connection":"close","accept-ranges":"bytes","last-modified":"Mon, 13 Oct 2025 06:09:06 GMT","etag":"4he/01v8Bk2M0KNW.js","cache-control":"max-age=31536000","access-control-allow-origin":"*","vary":"Accept-Encoding","age":"0","x-b-ch":"0"},"md5":"893201ceff111590cad52fbca972ccbd","encode":"utf-8","mime":"text/javascript"},{"url":["https://h5-static.helloyo.sg/live/helloyo/app-72118-fW2iUi/js/chunk-2d0cb790.c503da8f.js"],"fitUrl":["https://h5-static.helloyo.sg/live/helloyo/app-72118-fW2iUi/js/chunk-2d0cb790.c503da8f.js"],"path":"/h5-static.helloyo.sg/live/helloyo/app-72118-fW2iUi/js/chunk-2d0cb790.c503da8f.js","header":{"server":"openresty","date":"Mon, 13 Oct 2025 06:10:12 GMT","content-type":"application/javascript; charset=utf-8","content-length":"2305","connection":"close","accept-ranges":"bytes","last-modified":"Mon, 13 Oct 2025 06:09:06 GMT","etag":"4he/01v8Bk2R5PSp.js","cache-control":"max-age=31536000","access-control-allow-origin":"*","vary":"Accept-Encoding","age":"0","x-b-ch":"0"},"md5":"1c66e113f72ceb44fc8c6195f971d773","encode":"utf-8","mime":"text/javascript"},{"url":["https://h5-static.helloyo.sg/live/helloyo/app-72118-fW2iUi/js/chunk-2d0cefcc.9ec0df6d.js"],"fitUrl":["https://h5-static.helloyo.sg/live/helloyo/app-72118-fW2iUi/js/chunk-2d0cefcc.9ec0df6d.js"],"path":"/h5-static.helloyo.sg/live/helloyo/app-72118-fW2iUi/js/chunk-2d0cefcc.9ec0df6d.js","header":{"server":"openresty","date":"Mon, 13 Oct 2025 06:10:12 GMT","content-type":"application/javascript; charset=utf-8","content-length":"1329","connection":"close","accept-ranges":"bytes","last-modified":"Mon, 13 Oct 2025 06:09:06 GMT","etag":"4he/01v8Bk2XBVYl.js","cache-control":"max-age=31536000","access-control-allow-origin":"*","vary":"Accept-Encoding","age":"0","x-b-ch":"0"},"md5":"36365014c96351b544403f70e8bd25b9","encode":"utf-8","mime":"text/javascript"},{"url":["https://h5-static.helloyo.sg/live/helloyo/app-72118-fW2iUi/js/chunk-2d0dd0b0.2f4b57f6.js"],"fitUrl":["https://h5-static.helloyo.sg/live/helloyo/app-72118-fW2iUi/js/chunk-2d0dd0b0.2f4b57f6.js"],"path":"/h5-static.helloyo.sg/live/helloyo/app-72118-fW2iUi/js/chunk-2d0dd0b0.2f4b57f6.js","header":{"server":"openresty","date":"Mon, 13 Oct 2025 06:10:12 GMT","content-type":"application/javascript; charset=utf-8","content-length":"346","connection":"close","accept-ranges":"bytes","last-modified":"Mon, 13 Oct 2025 06:09:06 GMT","etag":"4he/01v8Bk2LzJMb.js","cache-control":"max-age=31536000","access-control-allow-origin":"*","vary":"Accept-Encoding","age":"0","x-b-ch":"0"},"md5":"1d5cf41e6954437fa44db23aa78bcc2e","encode":"utf-8","mime":"text/javascript"},{"url":["https://h5-static.helloyo.sg/live/helloyo/app-72118-fW2iUi/js/chunk-2d0e14ad.3e042150.js"],"fitUrl":["https://h5-static.helloyo.sg/live/helloyo/app-72118-fW2iUi/js/chunk-2d0e14ad.3e042150.js"],"path":"/h5-static.helloyo.sg/live/helloyo/app-72118-fW2iUi/js/chunk-2d0e14ad.3e042150.js","header":{"server":"openresty","date":"Mon, 13 Oct 2025 06:10:12 GMT","content-type":"application/javascript; charset=utf-8","content-length":"2092","connection":"close","accept-ranges":"bytes","last-modified":"Mon, 13 Oct 2025 06:09:06 GMT","etag":"4he/01v8Bk2nRlor.js","cache-control":"max-age=31536000","access-control-allow-origin":"*","vary":"Accept-Encoding","age":"0","x-b-ch":"0"},"md5":"cf281eaf7c5f72e7c9810ab8cd924908","encode":"utf-8","mime":"text/javascript"},{"url":["https://h5-static.helloyo.sg/live/helloyo/app-72118-fW2iUi/js/chunk-2d0e64b4.e7c8cca5.js"],"fitUrl":["https://h5-static.helloyo.sg/live/helloyo/app-72118-fW2iUi/js/chunk-2d0e64b4.e7c8cca5.js"],"path":"/h5-static.helloyo.sg/live/helloyo/app-72118-fW2iUi/js/chunk-2d0e64b4.e7c8cca5.js","header":{"server":"openresty","date":"Mon, 13 Oct 2025 06:10:12 GMT","content-type":"application/javascript; charset=utf-8","content-length":"1486","connection":"close","accept-ranges":"bytes","last-modified":"Mon, 13 Oct 2025 06:09:06 GMT","etag":"4he/01v8Bk2IwGJa.js","cache-control":"max-age=31536000","access-control-allow-origin":"*","vary":"Accept-Encoding","age":"0","x-b-ch":"0"},"md5":"29cb6af05485ec506603daa0f3899639","encode":"utf-8","mime":"text/javascript"},{"url":["https://h5-static.helloyo.sg/live/helloyo/app-72118-fW2iUi/js/chunk-2d0efcbb.bc07ba57.js"],"fitUrl":["https://h5-static.helloyo.sg/live/helloyo/app-72118-fW2iUi/js/chunk-2d0efcbb.bc07ba57.js"],"path":"/h5-static.helloyo.sg/live/helloyo/app-72118-fW2iUi/js/chunk-2d0efcbb.bc07ba57.js","header":{"server":"openresty","date":"Mon, 13 Oct 2025 06:10:12 GMT","content-type":"application/javascript; charset=utf-8","content-length":"352","connection":"close","accept-ranges":"bytes","last-modified":"Mon, 13 Oct 2025 06:09:06 GMT","etag":"4hd/21v8Bk2W5Oxrr.js","cache-control":"max-age=31536000","access-control-allow-origin":"*","vary":"Accept-Encoding","age":"0","x-b-ch":"0"},"md5":"78a8ae5f7393e15d837475b8d54c1378","encode":"utf-8","mime":"text/javascript"},{"url":["https://h5-static.helloyo.sg/live/helloyo/app-72118-fW2iUi/js/chunk-2d20fe9b.5e7feef3.js"],"fitUrl":["https://h5-static.helloyo.sg/live/helloyo/app-72118-fW2iUi/js/chunk-2d20fe9b.5e7feef3.js"],"path":"/h5-static.helloyo.sg/live/helloyo/app-72118-fW2iUi/js/chunk-2d20fe9b.5e7feef3.js","header":{"server":"openresty","date":"Mon, 13 Oct 2025 06:10:12 GMT","content-type":"application/javascript; charset=utf-8","content-length":"356","connection":"close","accept-ranges":"bytes","last-modified":"Mon, 13 Oct 2025 06:09:06 GMT","etag":"4he/01v8Bk2cGadq.js","cache-control":"max-age=31536000","access-control-allow-origin":"*","vary":"Accept-Encoding","age":"0","x-b-ch":"0"},"md5":"c48f01974e6a1fbbc75e07a166d8f771","encode":"utf-8","mime":"text/javascript"},{"url":["https://h5-static.helloyo.sg/live/helloyo/app-72118-fW2iUi/js/chunk-2d21023f.2d805b70.js"],"fitUrl":["https://h5-static.helloyo.sg/live/helloyo/app-72118-fW2iUi/js/chunk-2d21023f.2d805b70.js"],"path":"/h5-static.helloyo.sg/live/helloyo/app-72118-fW2iUi/js/chunk-2d21023f.2d805b70.js","header":{"server":"openresty","date":"Mon, 13 Oct 2025 06:10:12 GMT","content-type":"application/javascript; charset=utf-8","content-length":"348","connection":"close","accept-ranges":"bytes","last-modified":"Mon, 13 Oct 2025 06:09:07 GMT","etag":"4he/01v8Bk3cGae4.js","cache-control":"max-age=31536000","access-control-allow-origin":"*","vary":"Accept-Encoding","age":"0","x-b-ch":"0"},"md5":"243ab85664eb88543132bcbbf15e520c","encode":"utf-8","mime":"text/javascript"},{"url":["https://h5-static.helloyo.sg/live/helloyo/app-72118-fW2iUi/js/chunk-2d216447.05bff75d.js"],"fitUrl":["https://h5-static.helloyo.sg/live/helloyo/app-72118-fW2iUi/js/chunk-2d216447.05bff75d.js"],"path":"/h5-static.helloyo.sg/live/helloyo/app-72118-fW2iUi/js/chunk-2d216447.05bff75d.js","header":{"server":"openresty","date":"Mon, 13 Oct 2025 06:10:12 GMT","content-type":"application/javascript; charset=utf-8","content-length":"355","connection":"close","accept-ranges":"bytes","last-modified":"Mon, 13 Oct 2025 06:09:06 GMT","etag":"4he/01v8Bk2JxHKt.js","cache-control":"max-age=31536000","access-control-allow-origin":"*","vary":"Accept-Encoding","age":"0","x-b-ch":"0"},"md5":"32547aebbdb1b338e525d6f5c271a2a8","encode":"utf-8","mime":"text/javascript"},{"url":["https://h5-static.helloyo.sg/live/helloyo/app-72118-fW2iUi/js/chunk-2d213ec8.9df63ff9.js"],"fitUrl":["https://h5-static.helloyo.sg/live/helloyo/app-72118-fW2iUi/js/chunk-2d213ec8.9df63ff9.js"],"path":"/h5-static.helloyo.sg/live/helloyo/app-72118-fW2iUi/js/chunk-2d213ec8.9df63ff9.js","header":{"server":"openresty","date":"Mon, 13 Oct 2025 06:10:12 GMT","content-type":"application/javascript; charset=utf-8","content-length":"343","connection":"close","accept-ranges":"bytes","last-modified":"Mon, 13 Oct 2025 06:09:06 GMT","etag":"4he/01v8Bk2JxHKV.js","cache-control":"max-age=31536000","access-control-allow-origin":"*","vary":"Accept-Encoding","age":"0","x-b-ch":"0"},"md5":"aefabd2c07fb89e27406727eee8afded","encode":"utf-8","mime":"text/javascript"},{"url":["https://h5-static.helloyo.sg/live/helloyo/app-72118-fW2iUi/js/chunk-2d217897.71a999b2.js"],"fitUrl":["https://h5-static.helloyo.sg/live/helloyo/app-72118-fW2iUi/js/chunk-2d217897.71a999b2.js"],"path":"/h5-static.helloyo.sg/live/helloyo/app-72118-fW2iUi/js/chunk-2d217897.71a999b2.js","header":{"server":"openresty","date":"Mon, 13 Oct 2025 06:10:12 GMT","content-type":"application/javascript; charset=utf-8","content-length":"3033","connection":"close","accept-ranges":"bytes","last-modified":"Mon, 13 Oct 2025 06:09:06 GMT","etag":"4hd/21v8Bk21atSN0.js","cache-control":"max-age=31536000","access-control-allow-origin":"*","vary":"Accept-Encoding","age":"0","x-b-ch":"0"},"md5":"28f06228d873e1deb33126ea24c633e4","encode":"utf-8","mime":"text/javascript"},{"url":["https://h5-static.helloyo.sg/live/helloyo/app-72118-fW2iUi/js/chunk-2d21d90f.cd617520.js"],"fitUrl":["https://h5-static.helloyo.sg/live/helloyo/app-72118-fW2iUi/js/chunk-2d21d90f.cd617520.js"],"path":"/h5-static.helloyo.sg/live/helloyo/app-72118-fW2iUi/js/chunk-2d21d90f.cd617520.js","header":{"server":"openresty","date":"Mon, 13 Oct 2025 06:10:12 GMT","content-type":"application/javascript; charset=utf-8","content-length":"348","connection":"close","accept-ranges":"bytes","last-modified":"Mon, 13 Oct 2025 06:09:06 GMT","etag":"4he/01v8Bk2nRloT.js","cache-control":"max-age=31536000","access-control-allow-origin":"*","vary":"Accept-Encoding","age":"0","x-b-ch":"0"},"md5":"f705c94a51e7e98e485434d57550b5cb","encode":"utf-8","mime":"text/javascript"},{"url":["https://h5-static.helloyo.sg/live/helloyo/app-72118-fW2iUi/js/chunk-2d221daa.6f024ad1.js"],"fitUrl":["https://h5-static.helloyo.sg/live/helloyo/app-72118-fW2iUi/js/chunk-2d221daa.6f024ad1.js"],"path":"/h5-static.helloyo.sg/live/helloyo/app-72118-fW2iUi/js/chunk-2d221daa.6f024ad1.js","header":{"server":"openresty","date":"Mon, 13 Oct 2025 06:10:12 GMT","content-type":"application/javascript; charset=utf-8","content-length":"352","connection":"close","accept-ranges":"bytes","last-modified":"Mon, 13 Oct 2025 06:09:07 GMT","etag":"4hd/21v8Bk3Aj2bW3.js","cache-control":"max-age=31536000","access-control-allow-origin":"*","vary":"Accept-Encoding","age":"0","x-b-ch":"0"},"md5":"d19a13b1e18ca40145d21b846c11cbc7","encode":"utf-8","mime":"text/javascript"},{"url":["https://h5-static.helloyo.sg/live/helloyo/app-72118-fW2iUi/js/chunk-2d224c29.6bffa666.js"],"fitUrl":["https://h5-static.helloyo.sg/live/helloyo/app-72118-fW2iUi/js/chunk-2d224c29.6bffa666.js"],"path":"/h5-static.helloyo.sg/live/helloyo/app-72118-fW2iUi/js/chunk-2d224c29.6bffa666.js","header":{"server":"openresty","date":"Mon, 13 Oct 2025 06:10:12 GMT","content-type":"application/javascript; charset=utf-8","content-length":"339","connection":"close","accept-ranges":"bytes","last-modified":"Mon, 13 Oct 2025 06:09:06 GMT","etag":"4he/01v8Bk2cGadS.js","cache-control":"max-age=31536000","access-control-allow-origin":"*","vary":"Accept-Encoding","age":"0","x-b-ch":"0"},"md5":"cbd15605b742dffeb97eb608ad1ba1aa","encode":"utf-8","mime":"text/javascript"},{"url":["https://h5-static.helloyo.sg/live/helloyo/app-72118-fW2iUi/js/chunk-32516e74.db74254a.js"],"fitUrl":["https://h5-static.helloyo.sg/live/helloyo/app-72118-fW2iUi/js/chunk-32516e74.db74254a.js"],"path":"/h5-static.helloyo.sg/live/helloyo/app-72118-fW2iUi/js/chunk-32516e74.db74254a.js","header":{"server":"openresty","date":"Mon, 13 Oct 2025 06:10:12 GMT","content-type":"application/javascript; charset=utf-8","content-length":"1381","connection":"close","accept-ranges":"bytes","last-modified":"Mon, 13 Oct 2025 06:09:06 GMT","etag":"4he/01v8Bk2LzJMn.js","cache-control":"max-age=31536000","access-control-allow-origin":"*","vary":"Accept-Encoding","age":"0","x-b-ch":"0"},"md5":"a1d9182153b09e5f3b99a813d65805cf","encode":"utf-8","mime":"text/javascript"},{"url":["https://h5-static.helloyo.sg/live/helloyo/app-72118-fW2iUi/js/chunk-390d08a7.376e33a2.js"],"fitUrl":["https://h5-static.helloyo.sg/live/helloyo/app-72118-fW2iUi/js/chunk-390d08a7.376e33a2.js"],"path":"/h5-static.helloyo.sg/live/helloyo/app-72118-fW2iUi/js/chunk-390d08a7.376e33a2.js","header":{"server":"openresty","date":"Mon, 13 Oct 2025 06:10:12 GMT","content-type":"application/javascript; charset=utf-8","content-length":"3563","connection":"close","accept-ranges":"bytes","last-modified":"Mon, 13 Oct 2025 06:09:06 GMT","etag":"4hd/21v8Bk22buTNt.js","cache-control":"max-age=31536000","access-control-allow-origin":"*","vary":"Accept-Encoding","age":"0","x-b-ch":"0"},"md5":"4dbf18cce949bfcf3196f422c5a889b7","encode":"utf-8","mime":"text/javascript"},{"url":["https://h5-static.helloyo.sg/live/helloyo/app-72118-fW2iUi/js/chunk-4edae917.2d7f97bf.js"],"fitUrl":["https://h5-static.helloyo.sg/live/helloyo/app-72118-fW2iUi/js/chunk-4edae917.2d7f97bf.js"],"path":"/h5-static.helloyo.sg/live/helloyo/app-72118-fW2iUi/js/chunk-4edae917.2d7f97bf.js","header":{"server":"openresty","date":"Mon, 13 Oct 2025 06:10:12 GMT","content-type":"application/javascript; charset=utf-8","content-length":"4791","connection":"close","accept-ranges":"bytes","last-modified":"Mon, 13 Oct 2025 06:09:06 GMT","etag":"4he/01v8Bk2XBVYx.js","cache-control":"max-age=31536000","access-control-allow-origin":"*","vary":"Accept-Encoding","age":"0","x-b-ch":"0"},"md5":"256938700fcfc5f958df18c1bf048c3a","encode":"utf-8","mime":"text/javascript"},{"url":["https://h5-static.helloyo.sg/live/helloyo/app-72118-fW2iUi/js/chunk-5bb59138.5b22f495.js"],"fitUrl":["https://h5-static.helloyo.sg/live/helloyo/app-72118-fW2iUi/js/chunk-5bb59138.5b22f495.js"],"path":"/h5-static.helloyo.sg/live/helloyo/app-72118-fW2iUi/js/chunk-5bb59138.5b22f495.js","header":{"server":"openresty","date":"Mon, 13 Oct 2025 06:10:12 GMT","content-type":"application/javascript; charset=utf-8","content-length":"6704","connection":"close","accept-ranges":"bytes","last-modified":"Mon, 13 Oct 2025 06:09:06 GMT","etag":"4hd/21v8Bk25exWQu.js","cache-control":"max-age=31536000","access-control-allow-origin":"*","vary":"Accept-Encoding","age":"0","x-b-ch":"0"},"md5":"887bc3d7d626a9945e6b9fc173be3b9a","encode":"utf-8","mime":"text/javascript"},{"url":["https://h5-static.helloyo.sg/live/helloyo/app-72118-fW2iUi/js/chunk-65e9121e.f72fae67.js"],"fitUrl":["https://h5-static.helloyo.sg/live/helloyo/app-72118-fW2iUi/js/chunk-65e9121e.f72fae67.js"],"path":"/h5-static.helloyo.sg/live/helloyo/app-72118-fW2iUi/js/chunk-65e9121e.f72fae67.js","header":{"server":"openresty","date":"Mon, 13 Oct 2025 06:10:12 GMT","content-type":"application/javascript; charset=utf-8","content-length":"3535","connection":"close","accept-ranges":"bytes","last-modified":"Mon, 13 Oct 2025 06:09:06 GMT","etag":"4hd/21v8Bk21atSMy.js","cache-control":"max-age=31536000","access-control-allow-origin":"*","vary":"Accept-Encoding","age":"0","x-b-ch":"0"},"md5":"cccc01d2adaa329a1f062273f1ffd8df","encode":"utf-8","mime":"text/javascript"},{"url":["https://h5-static.helloyo.sg/live/helloyo/app-72118-fW2iUi/js/chunk-847f7eee.58d0e5b0.js"],"fitUrl":["https://h5-static.helloyo.sg/live/helloyo/app-72118-fW2iUi/js/chunk-847f7eee.58d0e5b0.js"],"path":"/h5-static.helloyo.sg/live/helloyo/app-72118-fW2iUi/js/chunk-847f7eee.58d0e5b0.js","header":{"server":"openresty","date":"Mon, 13 Oct 2025 06:10:12 GMT","content-type":"application/javascript; charset=utf-8","content-length":"2500","connection":"close","accept-ranges":"bytes","last-modified":"Mon, 13 Oct 2025 06:09:07 GMT","etag":"4he/01v8Bk3LzJN1.js","cache-control":"max-age=31536000","access-control-allow-origin":"*","vary":"Accept-Encoding","age":"0","x-b-ch":"0"},"md5":"1e0d8d55ba732a43ae82613305fa02c4","encode":"utf-8","mime":"text/javascript"},{"url":["https://h5-static.helloyo.sg/live/helloyo/app-72118-fW2iUi/js/chunk-e1ceab70.353109b4.js"],"fitUrl":["https://h5-static.helloyo.sg/live/helloyo/app-72118-fW2iUi/js/chunk-e1ceab70.353109b4.js"],"path":"/h5-static.helloyo.sg/live/helloyo/app-72118-fW2iUi/js/chunk-e1ceab70.353109b4.js","header":{"server":"openresty","date":"Mon, 13 Oct 2025 06:10:12 GMT","content-type":"application/javascript; charset=utf-8","content-length":"4998","connection":"close","accept-ranges":"bytes","last-modified":"Mon, 13 Oct 2025 06:09:06 GMT","etag":"4he/01v8Bk2N1LOo.js","cache-control":"max-age=31536000","access-control-allow-origin":"*","vary":"Accept-Encoding","age":"0","x-b-ch":"0"},"md5":"f20543baa8b1c45ab200195d5c0c63e7","encode":"utf-8","mime":"text/javascript"},{"url":["https://h5-static.helloyo.sg/live/helloyo/app-72118-fW2iUi/js/chunk-2d0e20f5.35563073.js"],"fitUrl":["https://h5-static.helloyo.sg/live/helloyo/app-72118-fW2iUi/js/chunk-2d0e20f5.35563073.js"],"path":"/h5-static.helloyo.sg/live/helloyo/app-72118-fW2iUi/js/chunk-2d0e20f5.35563073.js","header":{"server":"openresty","date":"Mon, 13 Oct 2025 06:10:12 GMT","content-type":"application/javascript; charset=utf-8","content-length":"342","connection":"close","accept-ranges":"bytes","last-modified":"Mon, 13 Oct 2025 06:09:06 GMT","etag":"4hd/21v8Bk24dwVQ1.js","cache-control":"max-age=31536000","access-control-allow-origin":"*","vary":"Accept-Encoding","age":"0","x-b-ch":"0"},"md5":"d2c4444d711ccb2f9a4b80f9da792977","encode":"utf-8","mime":"text/javascript"},{"url":["https://h5-static.helloyo.sg/live/helloyo/app-72118-fW2iUi/js/chunk-2d230e68.45fe624e.js"],"fitUrl":["https://h5-static.helloyo.sg/live/helloyo/app-72118-fW2iUi/js/chunk-2d230e68.45fe624e.js"],"path":"/h5-static.helloyo.sg/live/helloyo/app-72118-fW2iUi/js/chunk-2d230e68.45fe624e.js","header":{"server":"openresty","date":"Mon, 13 Oct 2025 06:10:12 GMT","content-type":"application/javascript; charset=utf-8","content-length":"344","connection":"close","accept-ranges":"bytes","last-modified":"Mon, 13 Oct 2025 06:09:06 GMT","etag":"4he/01v8Bk2Q4ORY.js","cache-control":"max-age=31536000","access-control-allow-origin":"*","vary":"Accept-Encoding","age":"0","x-b-ch":"0"},"md5":"4e6148030bc7653f2199f73c2a6ba3fe","encode":"utf-8","mime":"text/javascript"},{"url":["https://h5-static.helloyo.sg/live/helloyo/app-72118-fW2iUi/js/chunk-2d222753.a71fe826.js"],"fitUrl":["https://h5-static.helloyo.sg/live/helloyo/app-72118-fW2iUi/js/chunk-2d222753.a71fe826.js"],"path":"/h5-static.helloyo.sg/live/helloyo/app-72118-fW2iUi/js/chunk-2d222753.a71fe826.js","header":{"server":"openresty","date":"Mon, 13 Oct 2025 06:10:12 GMT","content-type":"application/javascript; charset=utf-8","content-length":"339","connection":"close","accept-ranges":"bytes","last-modified":"Mon, 13 Oct 2025 06:09:06 GMT","etag":"4hd/21v8Bk2LuDmgq.js","cache-control":"max-age=31536000","access-control-allow-origin":"*","vary":"Accept-Encoding","age":"0","x-b-ch":"0"},"md5":"73b0dec9c84c81952c04764d696a686c","encode":"utf-8","mime":"text/javascript"},{"url":["https://h5-static.helloyo.sg/live/helloyo/app-72118-fW2iUi/js/chunk-2d0d03cb.eb9924e2.js"],"fitUrl":["https://h5-static.helloyo.sg/live/helloyo/app-72118-fW2iUi/js/chunk-2d0d03cb.eb9924e2.js"],"path":"/h5-static.helloyo.sg/live/helloyo/app-72118-fW2iUi/js/chunk-2d0d03cb.eb9924e2.js","header":{"server":"openresty","date":"Mon, 13 Oct 2025 06:10:12 GMT","content-type":"application/javascript; charset=utf-8","content-length":"351","connection":"close","accept-ranges":"bytes","last-modified":"Mon, 13 Oct 2025 06:09:06 GMT","etag":"4hd/21v8Bk24dwVPz.js","cache-control":"max-age=31536000","access-control-allow-origin":"*","vary":"Accept-Encoding","age":"0","x-b-ch":"21"},"md5":"582da05da99ed89b8ef4f65fd2be7041","encode":"utf-8","mime":"text/javascript"},{"url":["https://h5-static.helloyo.sg/live/helloyo/app-72118-fW2iUi/js/chunk-2d0bb1d1.c0ab4c4c.js"],"fitUrl":["https://h5-static.helloyo.sg/live/helloyo/app-72118-fW2iUi/js/chunk-2d0bb1d1.c0ab4c4c.js"],"path":"/h5-static.helloyo.sg/live/helloyo/app-72118-fW2iUi/js/chunk-2d0bb1d1.c0ab4c4c.js","header":{"server":"openresty","date":"Mon, 13 Oct 2025 06:10:12 GMT","content-type":"application/javascript; charset=utf-8","content-length":"344","connection":"close","accept-ranges":"bytes","last-modified":"Mon, 13 Oct 2025 06:09:06 GMT","etag":"4he/01v8Bk2XBVYZ.js","cache-control":"max-age=31536000","access-control-allow-origin":"*","vary":"Accept-Encoding","age":"0","x-b-ch":"11"},"md5":"fe55aaff7174b4ae98d24675d88f88d5","encode":"utf-8","mime":"text/javascript"},{"url":["https://h5-static.helloyo.sg/live/helloyo/app-72118-fW2iUi/js/chunk-2d0f0bfd.9036234b.js"],"fitUrl":["https://h5-static.helloyo.sg/live/helloyo/app-72118-fW2iUi/js/chunk-2d0f0bfd.9036234b.js"],"path":"/h5-static.helloyo.sg/live/helloyo/app-72118-fW2iUi/js/chunk-2d0f0bfd.9036234b.js","header":{"server":"openresty","date":"Mon, 13 Oct 2025 06:10:12 GMT","content-type":"application/javascript; charset=utf-8","content-length":"1300","connection":"close","accept-ranges":"bytes","last-modified":"Mon, 13 Oct 2025 06:09:06 GMT","etag":"4he/01v8Bk2Q4ORk.js","cache-control":"max-age=31536000","access-control-allow-origin":"*","vary":"Accept-Encoding","age":"0","x-b-ch":"21"},"md5":"2126e80b3c27a94a0658b0755b54909c","encode":"utf-8","mime":"text/javascript"},{"url":["https://h5-static.helloyo.sg/live/helloyo/app-72118-fW2iUi/js/chunk-747a7ef6.87d5edd9.js"],"fitUrl":["https://h5-static.helloyo.sg/live/helloyo/app-72118-fW2iUi/js/chunk-747a7ef6.87d5edd9.js"],"path":"/h5-static.helloyo.sg/live/helloyo/app-72118-fW2iUi/js/chunk-747a7ef6.87d5edd9.js","header":{"server":"openresty","date":"Mon, 13 Oct 2025 06:10:12 GMT","content-type":"application/javascript; charset=utf-8","content-length":"2753","connection":"close","accept-ranges":"bytes","last-modified":"Mon, 13 Oct 2025 06:09:07 GMT","etag":"4he/01v8Bk3R5PT3.js","cache-control":"max-age=31536000","access-control-allow-origin":"*","vary":"Accept-Encoding","age":"0","x-b-ch":"0"},"md5":"b735622cf1699a682065a12a68a1b49e","encode":"utf-8","mime":"text/javascript"},{"url":["https://h5-static.helloyo.sg/live/helloyo/app-72118-fW2iUi/js/chunk-2d217e48.810af47a.js"],"fitUrl":["https://h5-static.helloyo.sg/live/helloyo/app-72118-fW2iUi/js/chunk-2d217e48.810af47a.js"],"path":"/h5-static.helloyo.sg/live/helloyo/app-72118-fW2iUi/js/chunk-2d217e48.810af47a.js","header":{"server":"openresty","date":"Mon, 13 Oct 2025 06:10:12 GMT","content-type":"application/javascript; charset=utf-8","content-length":"3403","connection":"close","accept-ranges":"bytes","last-modified":"Mon, 13 Oct 2025 06:09:06 GMT","etag":"4he/01v8Bk2Bp9Cs.js","cache-control":"max-age=31536000","access-control-allow-origin":"*","vary":"Accept-Encoding","age":"0","x-b-ch":"0"},"md5":"ffbf8450341d43812726e4eb20db0f3f","encode":"utf-8","mime":"text/javascript"},{"url":["https://h5-static.helloyo.sg/live/helloyo/app-72118-fW2iUi/js/chunk-6eee7a05.2a9d5ee9.js"],"fitUrl":["https://h5-static.helloyo.sg/live/helloyo/app-72118-fW2iUi/js/chunk-6eee7a05.2a9d5ee9.js"],"path":"/h5-static.helloyo.sg/live/helloyo/app-72118-fW2iUi/js/chunk-6eee7a05.2a9d5ee9.js","header":{"server":"openresty","date":"Mon, 13 Oct 2025 06:10:12 GMT","content-type":"application/javascript; charset=utf-8","content-length":"2068","connection":"close","accept-ranges":"bytes","last-modified":"Mon, 13 Oct 2025 06:09:06 GMT","etag":"4he/01v8Bk2M0KNu.js","cache-control":"max-age=31536000","access-control-allow-origin":"*","vary":"Accept-Encoding","age":"0","x-b-ch":"0"},"md5":"86604358f18e7ec908e7dbf6e2751292","encode":"utf-8","mime":"text/javascript"},{"url":["https://h5-static.helloyo.sg/live/helloyo/app-72118-fW2iUi/js/chunk-48577e51.c3a254f1.js"],"fitUrl":["https://h5-static.helloyo.sg/live/helloyo/app-72118-fW2iUi/js/chunk-48577e51.c3a254f1.js"],"path":"/h5-static.helloyo.sg/live/helloyo/app-72118-fW2iUi/js/chunk-48577e51.c3a254f1.js","header":{"server":"openresty","date":"Mon, 13 Oct 2025 06:10:12 GMT","content-type":"application/javascript; charset=utf-8","content-length":"4085","connection":"close","accept-ranges":"bytes","last-modified":"Mon, 13 Oct 2025 06:09:06 GMT","etag":"4hd/21v8Bk26fyXS2.js","cache-control":"max-age=31536000","access-control-allow-origin":"*","vary":"Accept-Encoding","age":"0","x-b-ch":"0"},"md5":"41e962e5d7b2a06a8a7a0a826c10e1e9","encode":"utf-8","mime":"text/javascript"},{"url":["https://h5-static.helloyo.sg/live/helloyo/app-72118-fW2iUi/js/chunk-2d237cd3.d2aa3de5.js"],"fitUrl":["https://h5-static.helloyo.sg/live/helloyo/app-72118-fW2iUi/js/chunk-2d237cd3.d2aa3de5.js"],"path":"/h5-static.helloyo.sg/live/helloyo/app-72118-fW2iUi/js/chunk-2d237cd3.d2aa3de5.js","header":{"server":"openresty","date":"Mon, 13 Oct 2025 06:10:12 GMT","content-type":"application/javascript; charset=utf-8","content-length":"353","connection":"close","accept-ranges":"bytes","last-modified":"Mon, 13 Oct 2025 06:09:06 GMT","etag":"4hd/21v8Bk2uTmLFs.js","cache-control":"max-age=31536000","access-control-allow-origin":"*","vary":"Accept-Encoding","age":"0","x-b-ch":"0"},"md5":"2004618ac1dc0400cafe9945baf2f955","encode":"utf-8","mime":"text/javascript"},{"url":["https://h5-static.helloyo.sg/live/helloyo/app-72118-fW2iUi/js/chunk-5ad6287b.24c49601.js"],"fitUrl":["https://h5-static.helloyo.sg/live/helloyo/app-72118-fW2iUi/js/chunk-5ad6287b.24c49601.js"],"path":"/h5-static.helloyo.sg/live/helloyo/app-72118-fW2iUi/js/chunk-5ad6287b.24c49601.js","header":{"server":"openresty","date":"Mon, 13 Oct 2025 06:10:12 GMT","content-type":"application/javascript; charset=utf-8","content-length":"1702","connection":"close","accept-ranges":"bytes","last-modified":"Mon, 13 Oct 2025 06:09:06 GMT","etag":"4he/01v8Bk2Bp9CU.js","cache-control":"max-age=31536000","access-control-allow-origin":"*","vary":"Accept-Encoding","age":"0","x-b-ch":"0"},"md5":"241535ed5b71095fe0bcd64da38a1da1","encode":"utf-8","mime":"text/javascript"},{"url":["https://h5-static.helloyo.sg/live/helloyo/app-72118-fW2iUi/js/chunk-7eadc186.64616515.js"],"fitUrl":["https://h5-static.helloyo.sg/live/helloyo/app-72118-fW2iUi/js/chunk-7eadc186.64616515.js"],"path":"/h5-static.helloyo.sg/live/helloyo/app-72118-fW2iUi/js/chunk-7eadc186.64616515.js","header":{"server":"openresty","date":"Mon, 13 Oct 2025 06:10:12 GMT","content-type":"application/javascript; charset=utf-8","content-length":"4385","connection":"close","accept-ranges":"bytes","last-modified":"Mon, 13 Oct 2025 06:09:06 GMT","etag":"4he/01v8Bk2iMgjX.js","cache-control":"max-age=31536000","access-control-allow-origin":"*","vary":"Accept-Encoding","age":"0","x-b-ch":"0"},"md5":"ed2224544710975ed8276ade81f0bd69","encode":"utf-8","mime":"text/javascript"},{"url":["https://h5-static.helloyo.sg/live/helloyo/app-72118-fW2iUi/js/chunk-7c1bf028.742c596e.js"],"fitUrl":["https://h5-static.helloyo.sg/live/helloyo/app-72118-fW2iUi/js/chunk-7c1bf028.742c596e.js"],"path":"/h5-static.helloyo.sg/live/helloyo/app-72118-fW2iUi/js/chunk-7c1bf028.742c596e.js","header":{"server":"openresty","date":"Mon, 13 Oct 2025 06:10:12 GMT","content-type":"application/javascript; charset=utf-8","content-length":"1636","connection":"close","accept-ranges":"bytes","last-modified":"Mon, 13 Oct 2025 06:09:06 GMT","etag":"4he/01v8Bk2Q4ORw.js","cache-control":"max-age=31536000","access-control-allow-origin":"*","vary":"Accept-Encoding","age":"0","x-b-ch":"0"},"md5":"4497cc6dfd7e76c21ae3c128a641d23a","encode":"utf-8","mime":"text/javascript"},{"url":["https://h5-static.helloyo.sg/live/helloyo/app-72118-fW2iUi/static/js/flexible-n.js"],"fitUrl":["https://h5-static.helloyo.sg/live/helloyo/app-72118-fW2iUi/static/js/flexible-n.js"],"path":"/h5-static.helloyo.sg/live/helloyo/app-72118-fW2iUi/static/js/flexible-n.js","header":{"server":"openresty","date":"Mon, 13 Oct 2025 06:10:12 GMT","content-type":"application/javascript; charset=utf-8","content-length":"2244","connection":"close","accept-ranges":"bytes","last-modified":"Wed, 16 Apr 2025 06:49:17 GMT","etag":"4he/21u4waDbYBeG.js","cache-control":"max-age=31536000","access-control-allow-origin":"*","vary":"Accept-Encoding","age":"0","x-b-ch":"0"},"md5":"1ade54dd90ed2559994cc3c0b6794a6a","encode":"utf-8","mime":"text/javascript"},{"url":["https://h5-static.helloyo.sg/live/helloyo/app-72118-fW2iUi/static/js/amfe-flexible.js"],"fitUrl":["https://h5-static.helloyo.sg/live/helloyo/app-72118-fW2iUi/static/js/amfe-flexible.js"],"path":"/h5-static.helloyo.sg/live/helloyo/app-72118-fW2iUi/static/js/amfe-flexible.js","header":{"server":"openresty","date":"Mon, 13 Oct 2025 06:10:12 GMT","content-type":"application/javascript; charset=utf-8","content-length":"539","connection":"close","accept-ranges":"bytes","last-modified":"Wed, 16 Apr 2025 06:49:17 GMT","etag":"4hd/21u4waD9hrvxM.js","cache-control":"max-age=31536000","access-control-allow-origin":"*","vary":"Accept-Encoding","age":"0","x-b-ch":"0"},"md5":"3bbda1ae90b793891264bd999a61ecfe","encode":"utf-8","mime":"text/javascript"},{"url":["https://h5-static.helloyo.sg/live/helloyo/app-72118-fW2iUi/static/js/webfont.js"],"fitUrl":["https://h5-static.helloyo.sg/live/helloyo/app-72118-fW2iUi/static/js/webfont.js"],"path":"/h5-static.helloyo.sg/live/helloyo/app-72118-fW2iUi/static/js/webfont.js","header":{"server":"openresty","date":"Mon, 13 Oct 2025 06:10:12 GMT","content-type":"application/javascript; charset=utf-8","content-length":"13187","connection":"close","accept-ranges":"bytes","last-modified":"Wed, 16 Apr 2025 06:49:17 GMT","etag":"4he/21u4waDmjMpH.js","cache-control":"max-age=31536000","access-control-allow-origin":"*","vary":"Accept-Encoding","age":"0","x-b-ch":"0"},"md5":"b3698ead852fd24ec2056a6a0729d266","encode":"utf-8","mime":"text/javascript"},{"url":["https://h5-static.helloyo.sg/live/helloyo/app-72118-fW2iUi/js/chunk-5f1ee799.77dde7fb.js"],"fitUrl":["https://h5-static.helloyo.sg/live/helloyo/app-72118-fW2iUi/js/chunk-5f1ee799.77dde7fb.js"],"path":"/h5-static.helloyo.sg/live/helloyo/app-72118-fW2iUi/js/chunk-5f1ee799.77dde7fb.js","header":{"server":"openresty","date":"Mon, 13 Oct 2025 06:10:12 GMT","content-type":"application/javascript; charset=utf-8","content-length":"13526","connection":"close","accept-ranges":"bytes","last-modified":"Mon, 13 Oct 2025 06:09:07 GMT","etag":"4hd/21v8Bk3LuDmh4.js","cache-control":"max-age=31536000","access-control-allow-origin":"*","vary":"Accept-Encoding","age":"0","x-b-ch":"21"},"md5":"dd522391ee3951fc14ac280215a0e0d4","encode":"utf-8","mime":"text/javascript"},{"url":["https://h5-static.helloyo.sg/live/helloyo/app-72118-fW2iUi/js/chunk-48f39096.33072bb0.js"],"fitUrl":["https://h5-static.helloyo.sg/live/helloyo/app-72118-fW2iUi/js/chunk-48f39096.33072bb0.js"],"path":"/h5-static.helloyo.sg/live/helloyo/app-72118-fW2iUi/js/chunk-48f39096.33072bb0.js","header":{"server":"openresty","date":"Mon, 13 Oct 2025 06:10:12 GMT","content-type":"application/javascript; charset=utf-8","content-length":"106201","connection":"close","accept-ranges":"bytes","last-modified":"Mon, 13 Oct 2025 06:09:06 GMT","etag":"4hd/21v8Bk2Gp8hbx.js","cache-control":"max-age=31536000","access-control-allow-origin":"*","vary":"Accept-Encoding","age":"0","x-b-ch":"0"},"md5":"953d97aea3ac262b310db887750129dc","encode":"utf-8","mime":"text/javascript"},{"url":["https://h5-static.helloyo.sg/live/helloyo/app-72118-fW2iUi/js/svga.90380180.js"],"fitUrl":["https://h5-static.helloyo.sg/live/helloyo/app-72118-fW2iUi/js/svga.90380180.js"],"path":"/h5-static.helloyo.sg/live/helloyo/app-72118-fW2iUi/js/svga.90380180.js","header":{"server":"openresty","date":"Mon, 13 Oct 2025 06:10:12 GMT","content-type":"application/javascript; charset=utf-8","content-length":"307054","connection":"close","accept-ranges":"bytes","last-modified":"Mon, 13 Oct 2025 06:09:06 GMT","etag":"4he/01v8Bk2N1LOc.js","cache-control":"max-age=31536000","access-control-allow-origin":"*","vary":"Accept-Encoding","age":"0","x-b-ch":"0"},"md5":"9059a7c1054b61ec2580ea05d09d327d","encode":"utf-8","mime":"text/javascript"},{"url":["https://h5-static.helloyo.sg/live/helloyo/app-72118-fW2iUi/css/chunk-14db9982.0c897717.css"],"fitUrl":["https://h5-static.helloyo.sg/live/helloyo/app-72118-fW2iUi/css/chunk-14db9982.0c897717.css"],"path":"/h5-static.helloyo.sg/live/helloyo/app-72118-fW2iUi/css/chunk-14db9982.0c897717.css","header":{"server":"openresty","date":"Mon, 13 Oct 2025 06:10:12 GMT","content-type":"text/css","content-length":"2337","connection":"close","accept-ranges":"bytes","last-modified":"Wed, 16 Apr 2025 06:49:12 GMT","etag":"4hd/21u4wa89hrvwM.css","cache-control":"max-age=31536000","access-control-allow-origin":"*","vary":"Accept-Encoding","age":"0","x-b-ch":"0"},"md5":"3198cd0e1705f085b6919cd847dba22a","encode":"utf-8","mime":"text/css"},{"url":["https://h5-static.helloyo.sg/live/helloyo/app-72118-fW2iUi/css/chunk-5f1ee799.d4cb055a.css"],"fitUrl":["https://h5-static.helloyo.sg/live/helloyo/app-72118-fW2iUi/css/chunk-5f1ee799.d4cb055a.css"],"path":"/h5-static.helloyo.sg/live/helloyo/app-72118-fW2iUi/css/chunk-5f1ee799.d4cb055a.css","header":{"server":"openresty","date":"Mon, 13 Oct 2025 06:10:12 GMT","content-type":"text/css","content-length":"9248","connection":"close","accept-ranges":"bytes","last-modified":"Fri, 05 Sep 2025 02:53:47 GMT","etag":"4he/01uuMaBiyYNL.css","cache-control":"max-age=31536000","access-control-allow-origin":"*","vary":"Accept-Encoding","age":"0","x-b-ch":"0"},"md5":"e49a97470846930c523aca9ec5b3a5c9","encode":"utf-8","mime":"text/css"},{"url":["https://h5-static.helloyo.sg/live/helloyo/app-72118-fW2iUi/css/chunk-747a7ef6.d6d1ac03.css"],"fitUrl":["https://h5-static.helloyo.sg/live/helloyo/app-72118-fW2iUi/css/chunk-747a7ef6.d6d1ac03.css"],"path":"/h5-static.helloyo.sg/live/helloyo/app-72118-fW2iUi/css/chunk-747a7ef6.d6d1ac03.css","header":{"server":"openresty","date":"Mon, 13 Oct 2025 06:10:12 GMT","content-type":"text/css","content-length":"2625","connection":"close","accept-ranges":"bytes","last-modified":"Wed, 16 Apr 2025 06:49:12 GMT","etag":"4he/21u4wa8KHuLb.css","cache-control":"max-age=31536000","access-control-allow-origin":"*","vary":"Accept-Encoding","age":"0","x-b-ch":"0"},"md5":"989ba3f5a4b87026fbd792103f3cb904","encode":"utf-8","mime":"text/css"},{"url":["https://h5-static.helloyo.sg/live/helloyo/app-72118-fW2iUi/css/chunk-847f7eee.4b441b5f.css"],"fitUrl":["https://h5-static.helloyo.sg/live/helloyo/app-72118-fW2iUi/css/chunk-847f7eee.4b441b5f.css"],"path":"/h5-static.helloyo.sg/live/helloyo/app-72118-fW2iUi/css/chunk-847f7eee.4b441b5f.css","header":{"server":"openresty","date":"Mon, 13 Oct 2025 06:10:12 GMT","content-type":"text/css","content-length":"2433","connection":"close","accept-ranges":"bytes","last-modified":"Wed, 16 Apr 2025 06:49:14 GMT","etag":"4hd/21u4waA2akopV.css","cache-control":"max-age=31536000","access-control-allow-origin":"*","vary":"Accept-Encoding","age":"0","x-b-ch":"0"},"md5":"366b112dde51ca974045a60b1db55f3b","encode":"utf-8","mime":"text/css"},{"url":["https://h5-static.helloyo.sg/live/helloyo/app-72118-fW2iUi/css/chunk-e1ceab70.64fb3dea.css"],"fitUrl":["https://h5-static.helloyo.sg/live/helloyo/app-72118-fW2iUi/css/chunk-e1ceab70.64fb3dea.css"],"path":"/h5-static.helloyo.sg/live/helloyo/app-72118-fW2iUi/css/chunk-e1ceab70.64fb3dea.css","header":{"server":"openresty","date":"Mon, 13 Oct 2025 06:10:12 GMT","content-type":"text/css","content-length":"3462","connection":"close","accept-ranges":"bytes","last-modified":"Wed, 16 Apr 2025 06:49:12 GMT","etag":"4hd/21u4wa8AiswxF.css","cache-control":"max-age=31536000","access-control-allow-origin":"*","vary":"Accept-Encoding","age":"0","x-b-ch":"0"},"md5":"3fbd9ada4ca8d9fbaa0fc7836c448ae2","encode":"utf-8","mime":"text/css"},{"url":["https://h5-static.helloyo.sg/live/helloyo/app-72118-fW2iUi/css/chunk-32516e74.10cc87f3.css"],"fitUrl":["https://h5-static.helloyo.sg/live/helloyo/app-72118-fW2iUi/css/chunk-32516e74.10cc87f3.css"],"path":"/h5-static.helloyo.sg/live/helloyo/app-72118-fW2iUi/css/chunk-32516e74.10cc87f3.css","header":{"server":"openresty","date":"Mon, 13 Oct 2025 06:10:12 GMT","content-type":"text/css","content-length":"2711","connection":"close","accept-ranges":"bytes","last-modified":"Wed, 16 Apr 2025 06:49:12 GMT","etag":"4he/21u4wa8WT6XZ.css","cache-control":"max-age=31536000","access-control-allow-origin":"*","vary":"Accept-Encoding","age":"0","x-b-ch":"0"},"md5":"2265af34b5bc132703a72c5f12e0ba9c","encode":"utf-8","mime":"text/css"},{"url":["https://h5-static.helloyo.sg/live/helloyo/app-72118-fW2iUi/css/chunk-48577e51.06593898.css"],"fitUrl":["https://h5-static.helloyo.sg/live/helloyo/app-72118-fW2iUi/css/chunk-48577e51.06593898.css"],"path":"/h5-static.helloyo.sg/live/helloyo/app-72118-fW2iUi/css/chunk-48577e51.06593898.css","header":{"server":"openresty","date":"Mon, 13 Oct 2025 06:10:12 GMT","content-type":"text/css","content-length":"642","connection":"close","accept-ranges":"bytes","last-modified":"Fri, 05 Sep 2025 02:53:47 GMT","etag":"4he/01uuMaBMcC1K.css","cache-control":"max-age=31536000","access-control-allow-origin":"*","vary":"Accept-Encoding","age":"0","x-b-ch":"0"},"md5":"98d98396651436a26021af2142d32cdc","encode":"utf-8","mime":"text/css"},{"url":["https://h5-static.helloyo.sg/live/helloyo/app-72118-fW2iUi/css/chunk-48f39096.55873dd9.css"],"fitUrl":["https://h5-static.helloyo.sg/live/helloyo/app-72118-fW2iUi/css/chunk-48f39096.55873dd9.css"],"path":"/h5-static.helloyo.sg/live/helloyo/app-72118-fW2iUi/css/chunk-48f39096.55873dd9.css","header":{"server":"openresty","date":"Mon, 13 Oct 2025 06:10:12 GMT","content-type":"text/css","content-length":"3496","connection":"close","accept-ranges":"bytes","last-modified":"Wed, 16 Apr 2025 06:49:12 GMT","etag":"4he/21u4wa8bYBce.css","cache-control":"max-age=31536000","access-control-allow-origin":"*","vary":"Accept-Encoding","age":"0","x-b-ch":"0"},"md5":"233e45d37812afcc21b7eaec3dc21a3b","encode":"utf-8","mime":"text/css"},{"url":["https://h5-static.helloyo.sg/live/helloyo/app-72118-fW2iUi/css/chunk-4edae917.2b5ac628.css"],"fitUrl":["https://h5-static.helloyo.sg/live/helloyo/app-72118-fW2iUi/css/chunk-4edae917.2b5ac628.css"],"path":"/h5-static.helloyo.sg/live/helloyo/app-72118-fW2iUi/css/chunk-4edae917.2b5ac628.css","header":{"server":"openresty","date":"Mon, 13 Oct 2025 06:10:12 GMT","content-type":"text/css","content-length":"969","connection":"close","accept-ranges":"bytes","last-modified":"Wed, 16 Apr 2025 06:49:14 GMT","etag":"4hd/21u4waAuScghU.css","cache-control":"max-age=31536000","access-control-allow-origin":"*","vary":"Accept-Encoding","age":"0","x-b-ch":"0"},"md5":"92f16f9f1d2beb2da924986a1b77bc60","encode":"utf-8","mime":"text/css"},{"url":["https://h5-static.helloyo.sg/live/helloyo/app-72118-fW2iUi/css/chunk-7eadc186.d809c865.css"],"fitUrl":["https://h5-static.helloyo.sg/live/helloyo/app-72118-fW2iUi/css/chunk-7eadc186.d809c865.css"],"path":"/h5-static.helloyo.sg/live/helloyo/app-72118-fW2iUi/css/chunk-7eadc186.d809c865.css","header":{"server":"openresty","date":"Mon, 13 Oct 2025 06:10:12 GMT","content-type":"text/css","content-length":"2736","connection":"close","accept-ranges":"bytes","last-modified":"Wed, 16 Apr 2025 06:49:12 GMT","etag":"4hd/21u4wa8Lt378G.css","cache-control":"max-age=31536000","access-control-allow-origin":"*","vary":"Accept-Encoding","age":"0","x-b-ch":"0"},"md5":"dccb2041d86c2fdfe8b401b88feac4a2","encode":"utf-8","mime":"text/css"},{"url":["https://h5-static.helloyo.sg/live/helloyo/app-72118-fW2iUi/css/chunk-7c1bf028.d14a1361.css"],"fitUrl":["https://h5-static.helloyo.sg/live/helloyo/app-72118-fW2iUi/css/chunk-7c1bf028.d14a1361.css"],"path":"/h5-static.helloyo.sg/live/helloyo/app-72118-fW2iUi/css/chunk-7c1bf028.d14a1361.css","header":{"server":"openresty","date":"Mon, 13 Oct 2025 06:10:12 GMT","content-type":"text/css","content-length":"1490","connection":"close","accept-ranges":"bytes","last-modified":"Wed, 16 Apr 2025 06:49:12 GMT","etag":"4hd/21u4wa8Goy23N.css","cache-control":"max-age=31536000","access-control-allow-origin":"*","vary":"Accept-Encoding","age":"0","x-b-ch":"0"},"md5":"328f8650c04a243c6f455ea6a289d889","encode":"utf-8","mime":"text/css"},{"url":["https://h5-static.helloyo.sg/live/helloyo/app-72118-fW2iUi/css/chunk-5bb59138.9ae9411d.css"],"fitUrl":["https://h5-static.helloyo.sg/live/helloyo/app-72118-fW2iUi/css/chunk-5bb59138.9ae9411d.css"],"path":"/h5-static.helloyo.sg/live/helloyo/app-72118-fW2iUi/css/chunk-5bb59138.9ae9411d.css","header":{"server":"openresty","date":"Mon, 13 Oct 2025 06:10:12 GMT","content-type":"text/css","content-length":"4457","connection":"close","accept-ranges":"bytes","last-modified":"Wed, 16 Apr 2025 06:49:14 GMT","etag":"4he/21u4waAKHuLn.css","cache-control":"max-age=31536000","access-control-allow-origin":"*","vary":"Accept-Encoding","age":"0","x-b-ch":"0"},"md5":"9bae99c707acf177006e1a4b3285f3bd","encode":"utf-8","mime":"text/css"},{"url":["https://h5-static.helloyo.sg/live/helloyo/app-72118-fW2iUi/css/chunk-390d08a7.4f4df0c6.css"],"fitUrl":["https://h5-static.helloyo.sg/live/helloyo/app-72118-fW2iUi/css/chunk-390d08a7.4f4df0c6.css"],"path":"/h5-static.helloyo.sg/live/helloyo/app-72118-fW2iUi/css/chunk-390d08a7.4f4df0c6.css","header":{"server":"openresty","date":"Mon, 13 Oct 2025 06:10:12 GMT","content-type":"text/css","content-length":"3598","connection":"close","accept-ranges":"bytes","last-modified":"Wed, 16 Apr 2025 06:49:12 GMT","etag":"4he/21u4wa8MJwNc.css","cache-control":"max-age=31536000","access-control-allow-origin":"*","vary":"Accept-Encoding","age":"0","x-b-ch":"0"},"md5":"52e4c7ab6615bc5e9464fc52f3277112","encode":"utf-8","mime":"text/css"},{"url":["https://h5-static.helloyo.sg/live/helloyo/app-72118-fW2iUi/css/chunk-65e9121e.66917060.css"],"fitUrl":["https://h5-static.helloyo.sg/live/helloyo/app-72118-fW2iUi/css/chunk-65e9121e.66917060.css"],"path":"/h5-static.helloyo.sg/live/helloyo/app-72118-fW2iUi/css/chunk-65e9121e.66917060.css","header":{"server":"openresty","date":"Mon, 13 Oct 2025 06:10:12 GMT","content-type":"text/css","content-length":"2515","connection":"close","accept-ranges":"bytes","last-modified":"Wed, 16 Apr 2025 06:49:12 GMT","etag":"4he/21u4wa8HErIa.css","cache-control":"max-age=31536000","access-control-allow-origin":"*","vary":"Accept-Encoding","age":"0","x-b-ch":"0"},"md5":"e04d0a8313bc3a1f0386b2f40c60983e","encode":"utf-8","mime":"text/css"},{"url":["https://h5-static.helloyo.sg/live/helloyo/app-72118-fW2iUi/css/chunk-5ad6287b.09739d76.css"],"fitUrl":["https://h5-static.helloyo.sg/live/helloyo/app-72118-fW2iUi/css/chunk-5ad6287b.09739d76.css"],"path":"/h5-static.helloyo.sg/live/helloyo/app-72118-fW2iUi/css/chunk-5ad6287b.09739d76.css","header":{"server":"openresty","date":"Mon, 13 Oct 2025 06:10:12 GMT","content-type":"text/css","content-length":"1267","connection":"close","accept-ranges":"bytes","last-modified":"Wed, 16 Apr 2025 06:49:12 GMT","etag":"4hd/21u4wa82akopJ.css","cache-control":"max-age=31536000","access-control-allow-origin":"*","vary":"Accept-Encoding","age":"0","x-b-ch":"0"},"md5":"27ce68502c97f339059d78b166d1cad1","encode":"utf-8","mime":"text/css"},{"url":["https://h5-static.helloyo.sg/live/helloyo/app-72118-fW2iUi/css/chunk-6eee7a05.641e1b56.css"],"fitUrl":["https://h5-static.helloyo.sg/live/helloyo/app-72118-fW2iUi/css/chunk-6eee7a05.641e1b56.css"],"path":"/h5-static.helloyo.sg/live/helloyo/app-72118-fW2iUi/css/chunk-6eee7a05.641e1b56.css","header":{"server":"openresty","date":"Mon, 13 Oct 2025 06:10:12 GMT","content-type":"text/css","content-length":"974","connection":"close","accept-ranges":"bytes","last-modified":"Wed, 16 Apr 2025 06:49:14 GMT","etag":"4hd/21u4waA9hrvwY.css","cache-control":"max-age=31536000","access-control-allow-origin":"*","vary":"Accept-Encoding","age":"0","x-b-ch":"0"},"md5":"aafa8affa14cdbf07f042c7b9f857c86","encode":"utf-8","mime":"text/css"},{"url":["https://h5-static.helloyo.sg/live/helloyo/app-72118-fW2iUi/img/icon_diamond.0c2888a1.png"],"fitUrl":["https://h5-static.helloyo.sg/live/helloyo/app-72118-fW2iUi/img/icon_diamond.0c2888a1.png"],"path":"/h5-static.helloyo.sg/live/helloyo/app-72118-fW2iUi/img/icon_diamond.0c2888a1.png","header":{"server":"openresty","date":"Mon, 13 Oct 2025 06:10:12 GMT","content-type":"image/png","content-length":"711","connection":"close","accept-ranges":"bytes","last-modified":"Wed, 16 Apr 2025 06:49:15 GMT","etag":"4hd/21u4waB4cmqrn.png","cache-control":"max-age=31536000","access-control-allow-origin":"*","age":"76694","x-b-ch":"12"},"md5":"0c2888a14c7eca863d88db538a18a425","encode":"utf-8","mime":"image/png"},{"url":["https://h5-static.helloyo.sg/live/helloyo/app-72118-fW2iUi/img/last_td_bg_1.01bfeefb.png"],"fitUrl":["https://h5-static.helloyo.sg/live/helloyo/app-72118-fW2iUi/img/last_td_bg_1.01bfeefb.png"],"path":"/h5-static.helloyo.sg/live/helloyo/app-72118-fW2iUi/img/last_td_bg_1.01bfeefb.png","header":{"server":"openresty","date":"Mon, 13 Oct 2025 06:10:12 GMT","content-type":"image/png","content-length":"839","connection":"close","accept-ranges":"bytes","last-modified":"Wed, 16 Apr 2025 06:49:16 GMT","etag":"4hd/21u4waC1Zjnoy.png","cache-control":"max-age=31536000","access-control-allow-origin":"*","age":"68417","x-b-ch":"12"},"md5":"01bfeefb93e5845021098fe3774c7356","encode":"utf-8","mime":"image/png"},{"url":["https://h5-static.helloyo.sg/live/helloyo/app-72118-fW2iUi/img/last_td_bg_2.a446f4c1.png"],"fitUrl":["https://h5-static.helloyo.sg/live/helloyo/app-72118-fW2iUi/img/last_td_bg_2.a446f4c1.png"],"path":"/h5-static.helloyo.sg/live/helloyo/app-72118-fW2iUi/img/last_td_bg_2.a446f4c1.png","header":{"server":"openresty","date":"Mon, 13 Oct 2025 06:10:12 GMT","content-type":"image/png","content-length":"876","connection":"close","accept-ranges":"bytes","last-modified":"Wed, 16 Apr 2025 06:49:15 GMT","etag":"4hd/21u4waB2akoph.png","cache-control":"max-age=31536000","access-control-allow-origin":"*","age":"71037","x-b-ch":"12"},"md5":"a446f4c1430e3a855effc884ccac710b","encode":"utf-8","mime":"image/png"},{"url":["https://h5-static.helloyo.sg/live/helloyo/app-72118-fW2iUi/img/pwd-circle.c469d96c.png"],"fitUrl":["https://h5-static.helloyo.sg/live/helloyo/app-72118-fW2iUi/img/pwd-circle.c469d96c.png"],"path":"/h5-static.helloyo.sg/live/helloyo/app-72118-fW2iUi/img/pwd-circle.c469d96c.png","header":{"server":"openresty","date":"Mon, 13 Oct 2025 06:10:12 GMT","content-type":"image/png","content-length":"239","connection":"close","accept-ranges":"bytes","last-modified":"Wed, 16 Apr 2025 06:49:14 GMT","etag":"4hd/21u4waARz9DEX.png","cache-control":"max-age=31536000","access-control-allow-origin":"*","age":"274684","x-b-ch":"12"},"md5":"c469d96c830c87525cc95e9279feae53","encode":"utf-8","mime":"image/png"},{"url":["https://h5-static.helloyo.sg/live/helloyo/app-72118-fW2iUi/img/td_bg_1.b043fd8a.png"],"fitUrl":["https://h5-static.helloyo.sg/live/helloyo/app-72118-fW2iUi/img/td_bg_1.b043fd8a.png"],"path":"/h5-static.helloyo.sg/live/helloyo/app-72118-fW2iUi/img/td_bg_1.b043fd8a.png","header":{"server":"openresty","date":"Mon, 13 Oct 2025 06:10:12 GMT","content-type":"image/png","content-length":"418","connection":"close","accept-ranges":"bytes","last-modified":"Wed, 16 Apr 2025 06:49:15 GMT","etag":"4hd/21u4waB9hrvwk.png","cache-control":"max-age=31536000","access-control-allow-origin":"*","age":"81886","x-b-ch":"12"},"md5":"b043fd8ab5d9298c1a89576dd3f20683","encode":"utf-8","mime":"image/png"},{"url":["https://h5-static.helloyo.sg/live/helloyo/app-72118-fW2iUi/img/th_bg_1.86acf119.png"],"fitUrl":["https://h5-static.helloyo.sg/live/helloyo/app-72118-fW2iUi/img/th_bg_1.86acf119.png"],"path":"/h5-static.helloyo.sg/live/helloyo/app-72118-fW2iUi/img/th_bg_1.86acf119.png","header":{"server":"openresty","date":"Mon, 13 Oct 2025 06:10:12 GMT","content-type":"image/png","content-length":"693","connection":"close","accept-ranges":"bytes","last-modified":"Wed, 16 Apr 2025 06:49:14 GMT","etag":"4hd/21u4waA1Zjnoa.png","cache-control":"max-age=31536000","access-control-allow-origin":"*","age":"188127","x-b-ch":"12"},"md5":"86acf119af5467448bb54e129f21138a","encode":"utf-8","mime":"image/png"},{"url":["https://h5-static.helloyo.sg/live/helloyo/app-72118-fW2iUi/img/icon-check.55983d6b.png"],"fitUrl":["https://h5-static.helloyo.sg/live/helloyo/app-72118-fW2iUi/img/icon-check.55983d6b.png"],"path":"/h5-static.helloyo.sg/live/helloyo/app-72118-fW2iUi/img/icon-check.55983d6b.png","header":{"server":"openresty","date":"Mon, 13 Oct 2025 06:10:12 GMT","content-type":"image/png","content-length":"792","connection":"close","accept-ranges":"bytes","last-modified":"Wed, 16 Apr 2025 06:49:15 GMT","etag":"4he/21u4waBMJwOE.png","cache-control":"max-age=31536000","access-control-allow-origin":"*","age":"53082","x-b-ch":"12"},"md5":"55983d6b20f1d4516ee950fc3033f9d6","encode":"utf-8","mime":"image/png"},{"url":["https://h5-static.helloyo.sg/live/helloyo/app-72118-fW2iUi/img/icon_arrow.daf8f2bb.png"],"fitUrl":["https://h5-static.helloyo.sg/live/helloyo/app-72118-fW2iUi/img/icon_arrow.daf8f2bb.png"],"path":"/h5-static.helloyo.sg/live/helloyo/app-72118-fW2iUi/img/icon_arrow.daf8f2bb.png","header":{"server":"openresty","date":"Mon, 13 Oct 2025 06:10:12 GMT","content-type":"image/png","content-length":"797","connection":"close","accept-ranges":"bytes","last-modified":"Wed, 16 Apr 2025 06:49:14 GMT","etag":"4hd/21u4wa9Lt378S.png","cache-control":"max-age=31536000","access-control-allow-origin":"*","age":"228556","x-b-ch":"11"},"md5":"daf8f2bbce1cf036a444ae3a89e4c17f","encode":"utf-8","mime":"image/png"},{"url":["https://h5-static.helloyo.sg/live/helloyo/app-72118-fW2iUi/img/td_bg_2.2f799423.png"],"fitUrl":["https://h5-static.helloyo.sg/live/helloyo/app-72118-fW2iUi/img/td_bg_2.2f799423.png"],"path":"/h5-static.helloyo.sg/live/helloyo/app-72118-fW2iUi/img/td_bg_2.2f799423.png","header":{"server":"openresty","date":"Mon, 13 Oct 2025 06:10:12 GMT","content-type":"image/png","content-length":"522","connection":"close","accept-ranges":"bytes","last-modified":"Wed, 16 Apr 2025 06:49:15 GMT","etag":"4hd/21u4waBGoy23l.png","cache-control":"max-age=31536000","access-control-allow-origin":"*","age":"349791","x-b-ch":"12"},"md5":"2f799423da995813b5715f38feda1ad0","encode":"utf-8","mime":"image/png"},{"url":["https://h5-static.helloyo.sg/live/helloyo/app-72118-fW2iUi/img/icon_arrow-disable.864be4da.png"],"fitUrl":["https://h5-static.helloyo.sg/live/helloyo/app-72118-fW2iUi/img/icon_arrow-disable.864be4da.png"],"path":"/h5-static.helloyo.sg/live/helloyo/app-72118-fW2iUi/img/icon_arrow-disable.864be4da.png","header":{"server":"openresty","date":"Mon, 13 Oct 2025 06:10:12 GMT","content-type":"image/png","content-length":"513","connection":"close","accept-ranges":"bytes","last-modified":"Wed, 16 Apr 2025 06:49:15 GMT","etag":"4hd/21u4waB6eosto.png","cache-control":"max-age=31536000","access-control-allow-origin":"*","age":"228556","x-b-ch":"11"},"md5":"864be4da7ebdb553a10b93aec4313958","encode":"utf-8","mime":"image/png"},{"url":["https://h5-static.helloyo.sg/live/helloyo/app-72118-fW2iUi/img/th_bg_2.d3246da5.png"],"fitUrl":["https://h5-static.helloyo.sg/live/helloyo/app-72118-fW2iUi/img/th_bg_2.d3246da5.png"],"path":"/h5-static.helloyo.sg/live/helloyo/app-72118-fW2iUi/img/th_bg_2.d3246da5.png","header":{"server":"openresty","date":"Mon, 13 Oct 2025 06:10:12 GMT","content-type":"image/png","content-length":"985","connection":"close","accept-ranges":"bytes","last-modified":"Wed, 16 Apr 2025 06:49:14 GMT","etag":"4hd/21u4waAW4EIJT.png","cache-control":"max-age=31536000","access-control-allow-origin":"*","age":"188127","x-b-ch":"12"},"md5":"d3246da57c4934c0cd511fbebaf184ab","encode":"utf-8","mime":"image/png"},{"url":["https://h5-static.helloyo.sg/live/helloyo/app-72118-fW2iUi/img/pwd-close.52cec01f.png"],"fitUrl":["https://h5-static.helloyo.sg/live/helloyo/app-72118-fW2iUi/img/pwd-close.52cec01f.png"],"path":"/h5-static.helloyo.sg/live/helloyo/app-72118-fW2iUi/img/pwd-close.52cec01f.png","header":{"server":"openresty","date":"Mon, 13 Oct 2025 06:10:12 GMT","content-type":"image/png","content-length":"258","connection":"close","accept-ranges":"bytes","last-modified":"Wed, 16 Apr 2025 06:49:14 GMT","etag":"4hd/21u4waAGoy23Z.png","cache-control":"max-age=31536000","access-control-allow-origin":"*","age":"307499","x-b-ch":"12"},"md5":"52cec01fa92ab88b2835bd74a9016182","encode":"utf-8","mime":"image/png"}]}
