{"resources":[{"url":["https://h5-static.helloyo.sg/live/helloyo/app-52596-AJzVXn/css/chunk-vendors.ed236449.css"],"path":"/h5-static.helloyo.sg/live/helloyo/app-52596-AJzVXn/css/chunk-vendors.ed236449.css","header":{"date":"Fri, 05 May 2023 06:50:01 GMT","content-encoding":"br","last-modified":"Tue, 29 Nov 2022 06:27:48 GMT","server":"nginx","age":"705856","etag":"\"6385a664-5cdd-df\"","vary":"Accept-Encoding","content-type":"text/css","access-control-allow-origin":"*","cache-control":"max-age=31536000","x-b-ch":"22","accept-ranges":"bytes","content-length":"4097","expires":"Fri, 26 Apr 2024 02:45:45 GMT"},"md5":"40692161f7562b9190f534bfdbfad8ba","encode":"utf-8","mime":"text/css"},{"url":["https://h5-static.helloyo.sg/live/helloyo/app-52596-AJzVXn/css/index.e32d8008.css"],"path":"/h5-static.helloyo.sg/live/helloyo/app-52596-AJzVXn/css/index.e32d8008.css","header":{"date":"Fri, 05 May 2023 06:50:01 GMT","content-encoding":"br","last-modified":"Fri, 05 May 2023 06:45:48 GMT","server":"nginx","age":"219","etag":"\"6454a61c-49dd-df\"","vary":"Accept-Encoding","content-type":"text/css","access-control-allow-origin":"*","cache-control":"max-age=31536000","x-b-ch":"21","accept-ranges":"bytes","content-length":"6335","expires":"Sat, 04 May 2024 06:46:22 GMT"},"md5":"83a7e0b167ce9baa71e09c234e7079fe","encode":"utf-8","mime":"text/css"},{"url":["https://h5-static.helloyo.sg/live/helloyo/app-common/interface.min.js"],"path":"/h5-static.helloyo.sg/live/helloyo/app-common/interface.min.js","header":{"date":"Fri, 05 May 2023 06:50:01 GMT","content-encoding":"br","last-modified":"Tue, 04 Jan 2022 08:16:13 GMT","server":"nginx","age":"370908","etag":"\"61d4024d-638-df\"","vary":"Accept-Encoding","content-type":"application/javascript; charset=utf-8","access-control-allow-origin":"*","cache-control":"max-age=31536000","x-b-ch":"12","accept-ranges":"bytes","content-length":"749","expires":"Mon, 29 Apr 2024 23:48:13 GMT"},"md5":"d13420f1546aaa78e24efad667e85653","encode":"utf-8","mime":"text/javascript"},{"url":["https://h5-static.helloyo.sg/live/helloyo/app-common/assets-load-monitor/2.5.6/assets-load-monitor-init.min.js"],"path":"/h5-static.helloyo.sg/live/helloyo/app-common/assets-load-monitor/2.5.6/assets-load-monitor-init.min.js","header":{"date":"Fri, 05 May 2023 06:50:01 GMT","content-encoding":"br","last-modified":"Mon, 10 Jan 2022 06:55:54 GMT","server":"nginx","age":"211394","etag":"\"61dbd87a-dae2-df\"","vary":"Accept-Encoding","content-type":"application/javascript; charset=utf-8","access-control-allow-origin":"*","cache-control":"max-age=31536000","x-b-ch":"12","accept-ranges":"bytes","content-length":"19693","expires":"Wed, 01 May 2024 20:06:47 GMT"},"md5":"09736d0ac247de6cd8a6a691b6b781a0","encode":"utf-8","mime":"text/javascript"},{"url":["https://h5-static.helloyo.sg/live/helloyo/app-common/bigo-logger.js.html"],"path":"/h5-static.helloyo.sg/live/helloyo/app-common/bigo-logger.js.html","header":{"date":"Fri, 05 May 2023 06:50:01 GMT","content-encoding":"br","server":"nginx","age":"59","vary":"Accept-Encoding","content-type":"text/html; charset=utf-8","access-control-allow-origin":"*","cache-control":"max-age=60","x-b-ch":"12","content-length":"18203","expires":"Fri, 05 May 2023 06:50:02 GMT"},"md5":"abbf1b1baf9dae225ed3526d4c1c70bd","encode":"utf-8","mime":"text/html"},{"url":["https://h5-static.helloyo.sg/live/helloyo/app-common/common_vendor.min.js"],"path":"/h5-static.helloyo.sg/live/helloyo/app-common/common_vendor.min.js","header":{"date":"Fri, 05 May 2023 06:50:01 GMT","content-encoding":"br","last-modified":"Tue, 04 Jan 2022 08:16:13 GMT","server":"nginx","age":"218038","etag":"\"61d4024d-30af6-df\"","vary":"Accept-Encoding","content-type":"application/javascript; charset=utf-8","access-control-allow-origin":"*","cache-control":"max-age=31536000","x-b-ch":"12","accept-ranges":"bytes","content-length":"59392","expires":"Wed, 01 May 2024 18:16:03 GMT"},"md5":"197b75dae990373ef764b0fc6483c9c8","encode":"utf-8","mime":"text/javascript"},{"url":["https://h5-static.helloyo.sg/live/helloyo/app-common/flexible.min.js"],"path":"/h5-static.helloyo.sg/live/helloyo/app-common/flexible.min.js","header":{"date":"Fri, 05 May 2023 06:50:01 GMT","content-encoding":"br","last-modified":"Tue, 04 Jan 2022 08:16:13 GMT","server":"nginx","age":"823364","etag":"\"61d4024d-8c2-df\"","vary":"Accept-Encoding","content-type":"application/javascript; charset=utf-8","access-control-allow-origin":"*","cache-control":"max-age=31536000","x-b-ch":"12","accept-ranges":"bytes","content-length":"985","expires":"Wed, 24 Apr 2024 18:07:17 GMT"},"md5":"721c1c11c765741d42ac2c4c1d3c0feb","encode":"utf-8","mime":"text/javascript"},{"url":["https://h5-static.helloyo.sg/live/helloyo/app-common/mark/1.0.0/hello.fun.min.js"],"path":"/h5-static.helloyo.sg/live/helloyo/app-common/mark/1.0.0/hello.fun.min.js","header":{"date":"Fri, 05 May 2023 06:50:01 GMT","content-encoding":"gzip","last-modified":"Mon, 10 Jan 2022 06:55:54 GMT","server":"nginx","age":"40751","etag":"W/\"61dbd87a-1f4\"","vary":"Accept-Encoding","content-type":"application/javascript; charset=utf-8","access-control-allow-origin":"*","cache-control":"max-age=31536000","x-b-ch":"12","expires":"Fri, 03 May 2024 19:30:50 GMT"},"md5":"aabe7cf0a014268183638868405879ba","encode":"utf-8","mime":"text/javascript"},{"url":["https://h5-static.helloyo.sg/live/helloyo/app-common/nativeapi/1.2.1/nativeApi.helloyo.min.js"],"path":"/h5-static.helloyo.sg/live/helloyo/app-common/nativeapi/1.2.1/nativeApi.helloyo.min.js","header":{"date":"Fri, 05 May 2023 06:50:01 GMT","content-encoding":"br","last-modified":"Thu, 20 Jan 2022 08:59:55 GMT","server":"nginx","age":"309798","etag":"\"61e9248b-cb74-df\"","vary":"Accept-Encoding","content-type":"application/javascript; charset=utf-8","access-control-allow-origin":"*","cache-control":"max-age=31536000","x-b-ch":"22","accept-ranges":"bytes","content-length":"18448","expires":"Tue, 30 Apr 2024 16:46:43 GMT"},"md5":"99af69cc0504773b2388d128376fe04d","encode":"utf-8","mime":"text/javascript"},{"url":["https://h5-static.helloyo.sg/live/helloyo/app-52596-AJzVXn/js/chunk-vendors.4ac7d6e6.js"],"path":"/h5-static.helloyo.sg/live/helloyo/app-52596-AJzVXn/js/chunk-vendors.4ac7d6e6.js","header":{"date":"Fri, 05 May 2023 06:50:01 GMT","content-encoding":"br","last-modified":"Fri, 05 May 2023 06:45:48 GMT","server":"nginx","age":"219","etag":"\"6454a61c-46b12-df\"","vary":"Accept-Encoding","content-type":"application/javascript; charset=utf-8","access-control-allow-origin":"*","cache-control":"max-age=31536000","x-b-ch":"21","accept-ranges":"bytes","content-length":"95333","expires":"Sat, 04 May 2024 06:46:22 GMT"},"md5":"2eedca1aeb175726672b4d681fa2aa5f","encode":"utf-8","mime":"text/javascript"},{"url":["https://h5-static.helloyo.sg/live/helloyo/app-52596-AJzVXn/js/index.70591665.js"],"path":"/h5-static.helloyo.sg/live/helloyo/app-52596-AJzVXn/js/index.70591665.js","header":{"date":"Fri, 05 May 2023 06:50:01 GMT","content-encoding":"br","last-modified":"Fri, 05 May 2023 06:45:48 GMT","server":"nginx","age":"219","etag":"\"6454a61c-8ffb-df\"","vary":"Accept-Encoding","content-type":"application/javascript; charset=utf-8","access-control-allow-origin":"*","cache-control":"max-age=31536000","x-b-ch":"21","accept-ranges":"bytes","content-length":"11665","expires":"Sat, 04 May 2024 06:46:22 GMT"},"md5":"f3ccf99887660bc1f91d8cce428d9f23","encode":"utf-8","mime":"text/javascript"},{"url":["https://h5-static.helloyo.sg/live/helloyo/app-mark/BGMark.js.html"],"path":"/h5-static.helloyo.sg/live/helloyo/app-mark/BGMark.js.html","header":{"date":"Fri, 05 May 2023 06:50:01 GMT","content-encoding":"br","server":"nginx","age":"26","vary":"Accept-Encoding","content-type":"text/html; charset=utf-8","access-control-allow-origin":"*","cache-control":"max-age=60","x-b-ch":"12","content-length":"1576","expires":"Fri, 05 May 2023 06:50:35 GMT"},"md5":"fcd6ffbd14e765de0b9b7fc6efbd1bf4","encode":"utf-8","mime":"text/html"},{"url":["https://h5-static.helloyo.sg/live/helloyo/app-52596-AJzVXn/css/chunk-2d611d8a.4cbfcd85.css"],"path":"/h5-static.helloyo.sg/live/helloyo/app-52596-AJzVXn/css/chunk-2d611d8a.4cbfcd85.css","header":{"date":"Fri, 05 May 2023 06:50:01 GMT","content-encoding":"br","last-modified":"Wed, 30 Nov 2022 03:19:57 GMT","server":"nginx","age":"0","etag":"\"6386cbdd-14773-df\"","vary":"Accept-Encoding","content-type":"text/css","access-control-allow-origin":"*","cache-control":"max-age=31536000","x-b-ch":"21","accept-ranges":"bytes","content-length":"30336","expires":"Sat, 04 May 2024 06:50:01 GMT"},"md5":"25d171d39dc9fded83f525e5921f2bf8","encode":"utf-8","mime":"text/css"},{"url":["https://h5-static.helloyo.sg/live/helloyo/app-52596-AJzVXn/js/chunk-2d611d8a.07d142d4.js"],"path":"/h5-static.helloyo.sg/live/helloyo/app-52596-AJzVXn/js/chunk-2d611d8a.07d142d4.js","header":{"date":"Fri, 05 May 2023 06:50:01 GMT","content-encoding":"br","last-modified":"Fri, 05 May 2023 06:45:48 GMT","server":"nginx","age":"218","etag":"\"6454a61c-18d03-df\"","vary":"Accept-Encoding","content-type":"application/javascript; charset=utf-8","access-control-allow-origin":"*","cache-control":"max-age=31536000","x-b-ch":"21","accept-ranges":"bytes","content-length":"27424","expires":"Sat, 04 May 2024 06:46:23 GMT"},"md5":"ae3cdd3c5921f7a5a1d9ac1f7751d0e8","encode":"utf-8","mime":"text/javascript"},{"url":["https://h5-static.helloyo.sg/live/helloyo/app-52596-AJzVXn/css/chunk-0565dcd5.d0cf199f.css"],"path":"/h5-static.helloyo.sg/live/helloyo/app-52596-AJzVXn/css/chunk-0565dcd5.d0cf199f.css","header":{"date":"Fri, 05 May 2023 06:50:02 GMT","content-encoding":"gzip","last-modified":"Fri, 15 Jul 2022 02:24:29 GMT","server":"nginx","age":"532","etag":"W/\"62d0cfdd-369\"","vary":"Accept-Encoding","content-type":"text/css","access-control-allow-origin":"*","cache-control":"max-age=31536000","x-b-ch":"21","expires":"Sat, 04 May 2024 06:41:10 GMT"},"md5":"057fb7807c8c73f20149b6b5ff734fcb","encode":"utf-8","mime":"text/css"},{"url":["https://h5-static.helloyo.sg/live/helloyo/app-52596-AJzVXn/js/chunk-0565dcd5.c3985b95.js"],"path":"/h5-static.helloyo.sg/live/helloyo/app-52596-AJzVXn/js/chunk-0565dcd5.c3985b95.js","header":{"date":"Fri, 05 May 2023 06:50:02 GMT","content-encoding":"br","last-modified":"Fri, 05 May 2023 06:45:48 GMT","server":"nginx","age":"219","etag":"\"6454a61c-96b-df\"","vary":"Accept-Encoding","content-type":"application/javascript; charset=utf-8","access-control-allow-origin":"*","cache-control":"max-age=31536000","x-b-ch":"21","accept-ranges":"bytes","content-length":"1087","expires":"Sat, 04 May 2024 06:46:23 GMT"},"md5":"281b83aa40f1d0d2a301f9dcfd7c9dbe","encode":"utf-8","mime":"text/javascript"},{"url":["https://static-web.helloyo.sg/as/helloyo-static/default-avatar.jpg"],"path":"/static-web.helloyo.sg/as/helloyo-static/default-avatar.jpg","header":{"date":"Fri, 05 May 2023 06:50:02 GMT","last-modified":"Tue, 07 Jan 2020 04:22:11 GMT","server":"nginx","age":"82005","etag":"\"5e140773-7691\"","vary":"Accept-Encoding","content-type":"image/jpeg","access-control-allow-origin":"*","cache-control":"max-age=31536000","x-b-ch":"12","accept-ranges":"bytes","content-length":"30353","expires":"Fri, 03 May 2024 08:03:17 GMT"},"md5":"6f601bf88fb21c6c0d9ad8a0b37f16a3","encode":"utf-8","mime":"image/jpeg"},{"url":["https://h5-static.helloyo.sg/live/helloyo/app-52596-AJzVXn/js/chunk-03e3dad2.02b5f157.js"],"path":"/h5-static.helloyo.sg/live/helloyo/app-52596-AJzVXn/js/chunk-03e3dad2.02b5f157.js","header":{"server":"openresty","date":"Fri, 05 May 2023 06:50:12 GMT","content-type":"application/javascript; charset=utf-8","content-length":"2061","connection":"close","last-modified":"Fri, 05 May 2023 06:45:48 GMT","etag":"\"6454a61c-80d\"","expires":"Sat, 04 May 2024 06:50:12 GMT","cache-control":"max-age=31536000","access-control-allow-origin":"*","vary":"Accept-Encoding","accept-ranges":"bytes","age":"0","x-b-ch":"21"},"md5":"a98192cf7cd728972f259c8f67e6984e","encode":"utf-8","mime":"text/javascript"},{"url":["https://h5-static.helloyo.sg/live/helloyo/app-52596-AJzVXn/js/chunk-51e90cd7.e19ce6aa.js"],"path":"/h5-static.helloyo.sg/live/helloyo/app-52596-AJzVXn/js/chunk-51e90cd7.e19ce6aa.js","header":{"server":"openresty","date":"Fri, 05 May 2023 06:50:12 GMT","content-type":"application/javascript; charset=utf-8","content-length":"1953","connection":"close","last-modified":"Fri, 05 May 2023 06:45:48 GMT","etag":"\"6454a61c-7a1\"","expires":"Sat, 04 May 2024 06:50:12 GMT","cache-control":"max-age=31536000","access-control-allow-origin":"*","vary":"Accept-Encoding","accept-ranges":"bytes","age":"0","x-b-ch":"21"},"md5":"9bbc18e40f796559cc0d869de9f5ba51","encode":"utf-8","mime":"text/javascript"},{"url":["https://h5-static.helloyo.sg/live/helloyo/app-52596-AJzVXn/js/svga.e3633e9e.js"],"path":"/h5-static.helloyo.sg/live/helloyo/app-52596-AJzVXn/js/svga.e3633e9e.js","header":{"server":"openresty","date":"Fri, 05 May 2023 06:50:12 GMT","content-type":"application/javascript; charset=utf-8","content-length":"303509","connection":"close","last-modified":"Fri, 05 May 2023 06:45:48 GMT","etag":"\"6454a61c-4a195\"","expires":"Sat, 04 May 2024 06:50:12 GMT","cache-control":"max-age=31536000","access-control-allow-origin":"*","vary":"Accept-Encoding","accept-ranges":"bytes","age":"0","x-b-ch":"21"},"md5":"c1dfe76c3931efcc91fa2d04cbef093d","encode":"utf-8","mime":"text/javascript"},{"url":["https://h5-static.helloyo.sg/live/helloyo/app-52596-AJzVXn/css/chunk-03e3dad2.592656f7.css"],"path":"/h5-static.helloyo.sg/live/helloyo/app-52596-AJzVXn/css/chunk-03e3dad2.592656f7.css","header":{"server":"openresty","date":"Fri, 05 May 2023 06:50:12 GMT","content-type":"text/css","content-length":"5583","connection":"close","last-modified":"Fri, 05 May 2023 06:45:48 GMT","etag":"\"6454a61c-15cf\"","expires":"Sat, 04 May 2024 06:50:12 GMT","cache-control":"max-age=31536000","access-control-allow-origin":"*","vary":"Accept-Encoding","accept-ranges":"bytes","age":"0","x-b-ch":"21"},"md5":"ede821f721169744c5e30aada27f993a","encode":"utf-8","mime":"text/css"},{"url":["https://h5-static.helloyo.sg/live/helloyo/app-52596-AJzVXn/css/chunk-51e90cd7.84920392.css"],"path":"/h5-static.helloyo.sg/live/helloyo/app-52596-AJzVXn/css/chunk-51e90cd7.84920392.css","header":{"server":"openresty","date":"Fri, 05 May 2023 06:50:12 GMT","content-type":"text/css","content-length":"5542","connection":"close","last-modified":"Wed, 15 Jun 2022 13:41:43 GMT","etag":"\"62a9e197-15a6\"","expires":"Sat, 04 May 2024 06:50:12 GMT","cache-control":"max-age=31536000","access-control-allow-origin":"*","vary":"Accept-Encoding","accept-ranges":"bytes","age":"0","x-b-ch":"21"},"md5":"1a89aef8d54dfb555e1a68d3f34a8543","encode":"utf-8","mime":"text/css"},{"url":["https://h5-static.helloyo.sg/live/helloyo/app-52596-AJzVXn/img/btn-member.dfd15790.png"],"path":"/h5-static.helloyo.sg/live/helloyo/app-52596-AJzVXn/img/btn-member.dfd15790.png","header":{"server":"openresty","date":"Fri, 05 May 2023 06:50:12 GMT","content-type":"image/png","content-length":"4949","connection":"close","last-modified":"Wed, 15 Jun 2022 13:41:43 GMT","etag":"\"62a9e197-1355\"","expires":"Sat, 04 May 2024 06:50:12 GMT","cache-control":"max-age=31536000","access-control-allow-origin":"*","vary":"Accept-Encoding","accept-ranges":"bytes","age":"0","x-b-ch":"21"},"md5":"dfd1579083d1d1789349fa6c7db07411","encode":"utf-8","mime":"image/png"},{"url":["https://h5-static.helloyo.sg/live/helloyo/app-52596-AJzVXn/img/btn-rule.bad080e2.png"],"path":"/h5-static.helloyo.sg/live/helloyo/app-52596-AJzVXn/img/btn-rule.bad080e2.png","header":{"server":"openresty","date":"Fri, 05 May 2023 06:50:12 GMT","content-type":"image/png","content-length":"6730","connection":"close","last-modified":"Wed, 15 Jun 2022 13:41:43 GMT","etag":"\"62a9e197-1a4a\"","expires":"Sat, 04 May 2024 06:50:12 GMT","cache-control":"max-age=31536000","access-control-allow-origin":"*","vary":"Accept-Encoding","accept-ranges":"bytes","age":"0","x-b-ch":"21"},"md5":"bad080e20010d099e970a9d33c65d9fd","encode":"utf-8","mime":"image/png"},{"url":["https://h5-static.helloyo.sg/live/helloyo/app-52596-AJzVXn/img/btn-tab-active.23cffec2.png"],"path":"/h5-static.helloyo.sg/live/helloyo/app-52596-AJzVXn/img/btn-tab-active.23cffec2.png","header":{"server":"openresty","date":"Fri, 05 May 2023 06:50:12 GMT","content-type":"image/png","content-length":"7882","connection":"close","last-modified":"Wed, 15 Jun 2022 13:41:43 GMT","etag":"\"62a9e197-1eca\"","expires":"Sun, 17 Mar 2024 02:22:49 GMT","cache-control":"max-age=31536000","access-control-allow-origin":"*","vary":"Accept-Encoding","accept-ranges":"bytes","age":"4163243","x-b-ch":"21"},"md5":"23cffec261b803db8fe0d265f0e51f31","encode":"utf-8","mime":"image/png"},{"url":["https://h5-static.helloyo.sg/live/helloyo/app-52596-AJzVXn/img/btn-tab.853f3804.png"],"path":"/h5-static.helloyo.sg/live/helloyo/app-52596-AJzVXn/img/btn-tab.853f3804.png","header":{"server":"openresty","date":"Fri, 05 May 2023 06:50:12 GMT","content-type":"image/png","content-length":"5961","connection":"close","last-modified":"Wed, 15 Jun 2022 13:41:43 GMT","etag":"\"62a9e197-1749\"","expires":"Sat, 04 May 2024 06:50:12 GMT","cache-control":"max-age=31536000","access-control-allow-origin":"*","vary":"Accept-Encoding","accept-ranges":"bytes","age":"0","x-b-ch":"11"},"md5":"853f3804ea722443c92c3b643a3ff263","encode":"utf-8","mime":"image/png"},{"url":["https://h5-static.helloyo.sg/live/helloyo/app-52596-AJzVXn/img/icon-lock.54230f1c.png"],"path":"/h5-static.helloyo.sg/live/helloyo/app-52596-AJzVXn/img/icon-lock.54230f1c.png","header":{"server":"openresty","date":"Fri, 05 May 2023 06:50:12 GMT","content-type":"image/png","content-length":"8121","connection":"close","last-modified":"Wed, 15 Jun 2022 13:41:43 GMT","etag":"\"62a9e197-1fb9\"","expires":"Sat, 04 May 2024 06:50:12 GMT","cache-control":"max-age=31536000","access-control-allow-origin":"*","vary":"Accept-Encoding","accept-ranges":"bytes","age":"0","x-b-ch":"11"},"md5":"54230f1ca0d0c3f173f5571249f484d1","encode":"utf-8","mime":"image/png"},{"url":["https://h5-static.helloyo.sg/live/helloyo/app-52596-AJzVXn/img/modal-top.4332feb3.png"],"path":"/h5-static.helloyo.sg/live/helloyo/app-52596-AJzVXn/img/modal-top.4332feb3.png","header":{"server":"openresty","date":"Fri, 05 May 2023 06:50:12 GMT","content-type":"image/png","content-length":"10037","connection":"close","last-modified":"Tue, 29 Nov 2022 06:27:48 GMT","etag":"\"6385a664-2735\"","expires":"Sat, 04 May 2024 06:50:12 GMT","cache-control":"max-age=31536000","access-control-allow-origin":"*","vary":"Accept-Encoding","accept-ranges":"bytes","age":"0","x-b-ch":"11"},"md5":"4332feb3ba0036f7739aedaae1dae92b","encode":"utf-8","mime":"image/png"},{"url":["https://h5-static.helloyo.sg/live/helloyo/app-52596-AJzVXn/img/modal-bottom.5cd633d9.png"],"path":"/h5-static.helloyo.sg/live/helloyo/app-52596-AJzVXn/img/modal-bottom.5cd633d9.png","header":{"server":"openresty","date":"Fri, 05 May 2023 06:50:12 GMT","content-type":"image/png","content-length":"5852","connection":"close","last-modified":"Tue, 29 Nov 2022 06:27:48 GMT","etag":"\"6385a664-16dc\"","expires":"Sat, 04 May 2024 06:50:12 GMT","cache-control":"max-age=31536000","access-control-allow-origin":"*","vary":"Accept-Encoding","accept-ranges":"bytes","age":"0","x-b-ch":"11"},"md5":"5cd633d9b973e5c2754f6a507cd06bb5","encode":"utf-8","mime":"image/png"},{"url":["https://h5-static.helloyo.sg/live/helloyo/app-52596-AJzVXn/img/rankAwardTitleBgImg.2bcce0b4.png"],"path":"/h5-static.helloyo.sg/live/helloyo/app-52596-AJzVXn/img/rankAwardTitleBgImg.2bcce0b4.png","header":{"server":"openresty","date":"Fri, 05 May 2023 06:50:12 GMT","content-type":"image/png","content-length":"5974","connection":"close","last-modified":"Wed, 15 Jun 2022 13:41:43 GMT","etag":"\"62a9e197-1756\"","expires":"Sat, 04 May 2024 06:50:12 GMT","cache-control":"max-age=31536000","access-control-allow-origin":"*","vary":"Accept-Encoding","accept-ranges":"bytes","age":"0","x-b-ch":"11"},"md5":"2bcce0b4de0c546804c77040b6dffb17","encode":"utf-8","mime":"image/png"},{"url":["https://h5-static.helloyo.sg/live/helloyo/app-52596-AJzVXn/img/rankHeadTop2.2d0006a9.png"],"path":"/h5-static.helloyo.sg/live/helloyo/app-52596-AJzVXn/img/rankHeadTop2.2d0006a9.png","header":{"server":"openresty","date":"Fri, 05 May 2023 06:50:12 GMT","content-type":"image/png","content-length":"11830","connection":"close","last-modified":"Wed, 15 Jun 2022 13:41:43 GMT","etag":"\"62a9e197-2e36\"","expires":"Sat, 04 May 2024 06:50:12 GMT","cache-control":"max-age=31536000","access-control-allow-origin":"*","vary":"Accept-Encoding","accept-ranges":"bytes","age":"0","x-b-ch":"21"},"md5":"2d0006a990075012bea78efd1056d755","encode":"utf-8","mime":"image/png"}]}
